Jaylen Adams,Jaylen Adams,Atlanta Hawks,2019,"$100,000"
Steven Adams,Steven Adams,Oklahoma City Thunder,2019,"$25,842,697"
Steven Adams,Steven Adams,Oklahoma City Thunder,2020,"$27,528,090"
Bam Adebayo,Bam Adebayo,Miami Heat,2019,"$3,454,080"
Bam Adebayo,Bam Adebayo,Miami Heat,2020,"$5,115,492"
Cole Aldrich,Cole Aldrich,Minnesota Timberwolves,2019,"$685,340"
Cole Aldrich,Cole Aldrich,Minnesota Timberwolves,2020,"$685,340"
LaMarcus Aldridge,LaMarcus Aldridge,San Antonio Spurs,2019,"$26,000,000"
LaMarcus Aldridge,LaMarcus Aldridge,San Antonio Spurs,2020,"$24,000,000"
Nickeil Alexander-Walker,Nickeil Alexander-Walker,New Orleans Pelicans,2019,"$2,964,840"
Nickeil Alexander-Walker,Nickeil Alexander-Walker,New Orleans Pelicans,2020,"$3,113,160"
Nickeil Alexander-Walker,Nickeil Alexander-Walker,New Orleans Pelicans,2021,"$3,261,480"
Nickeil Alexander-Walker,Nickeil Alexander-Walker,New Orleans Pelicans,2022,"$5,009,633"
Grayson Allen,Grayson Allen,Memphis Grizzlies,2019,"$2,429,400"
Grayson Allen,Grayson Allen,Memphis Grizzlies,2020,"$2,545,320"
Grayson Allen,Grayson Allen,Memphis Grizzlies,2021,"$4,054,695"
Jarrett Allen,Jarrett Allen,Brooklyn Nets,2019,"$2,376,840"
Jarrett Allen,Jarrett Allen,Brooklyn Nets,2020,"$3,909,902"
Al-Farouq Aminu,Al-Farouq Aminu,Orlando Magic,2019,"$9,258,000"
Al-Farouq Aminu,Al-Farouq Aminu,Orlando Magic,2020,"$9,720,900"
Al-Farouq Aminu,Al-Farouq Aminu,Orlando Magic,2021,"$10,183,800"
Justin Anderson,Justin Anderson,Brooklyn Nets,2019,"$98,144"
Kyle Anderson,Kyle Anderson,Memphis Grizzlies,2019,"$9,073,050"
Kyle Anderson,Kyle Anderson,Memphis Grizzlies,2020,"$9,505,100"
Kyle Anderson,Kyle Anderson,Memphis Grizzlies,2021,"$9,937,150"
Ryan Anderson,Ryan Anderson,Houston Rockets,2019,"$500,000"
Giannis Antetokounmpo,Giannis Antetokounmpo,Milwaukee Bucks,2019,"$25,842,697"
Giannis Antetokounmpo,Giannis Antetokounmpo,Milwaukee Bucks,2020,"$27,528,090"
Thanasis Antetokounmpo,Thanasis Antetokounmpo,Milwaukee Bucks,2019,"$1,445,697"
Thanasis Antetokounmpo,Thanasis Antetokounmpo,Milwaukee Bucks,2020,"$1,701,593"
Carmelo Anthony,Carmelo Anthony,Portland Trail Blazers,2019,"$2,159,029"
OG Anunoby,OG Anunoby,Toronto Raptors,2019,"$2,281,800"
OG Anunoby,OG Anunoby,Toronto Raptors,2020,"$3,872,215"
Ryan Arcidiacono,Ryan Arcidiacono,Chicago Bulls,2019,"$3,000,000"
Ryan Arcidiacono,Ryan Arcidiacono,Chicago Bulls,2020,"$3,000,000"
Ryan Arcidiacono,Ryan Arcidiacono,Chicago Bulls,2021,"$3,000,000"
Trevor Ariza,Trevor Ariza,Portland Trail Blazers,2019,"$12,200,000"
Trevor Ariza,Trevor Ariza,Portland Trail Blazers,2020,"$12,800,000"
D.J. Augustin,D.J. Augustin,Orlando Magic,2019,"$7,250,000"
Deandre Ayton,Deandre Ayton,Phoenix Suns,2019,"$9,562,920"
Deandre Ayton,Deandre Ayton,Phoenix Suns,2020,"$10,018,200"
Deandre Ayton,Deandre Ayton,Phoenix Suns,2021,"$12,632,950"
Dwayne Bacon,Dwayne Bacon,Charlotte Hornets,2019,"$1,618,520"
Marvin Bagley III,Marvin Bagley III,Sacramento Kings,2019,"$8,556,120"
Marvin Bagley III,Marvin Bagley III,Sacramento Kings,2020,"$8,963,640"
Marvin Bagley III,Marvin Bagley III,Sacramento Kings,2021,"$11,312,114"
Lonzo Ball,Lonzo Ball,New Orleans Pelicans,2019,"$8,719,320"
Lonzo Ball,Lonzo Ball,New Orleans Pelicans,2020,"$11,003,782"
Mo Bamba,Mo Bamba,Orlando Magic,2019,"$5,697,600"
Mo Bamba,Mo Bamba,Orlando Magic,2020,"$5,969,040"
Mo Bamba,Mo Bamba,Orlando Magic,2021,"$7,568,742"
J.J. Barea,J.J. Barea,Dallas Mavericks,2019,"$2,564,753"
Harrison Barnes,Harrison Barnes,Sacramento Kings,2019,"$24,147,727"
Harrison Barnes,Harrison Barnes,Sacramento Kings,2020,"$22,215,909"
Harrison Barnes,Harrison Barnes,Sacramento Kings,2021,"$20,284,091"
Harrison Barnes,Harrison Barnes,Sacramento Kings,2022,"$18,352,273"
RJ Barrett,RJ Barrett,New York Knicks,2019,"$7,839,960"
RJ Barrett,RJ Barrett,New York Knicks,2020,"$8,231,760"
RJ Barrett,RJ Barrett,New York Knicks,2021,"$8,623,920"
RJ Barrett,RJ Barrett,New York Knicks,2022,"$10,900,635"
Will Barton,Will Barton,Denver Nuggets,2019,"$12,960,000"
Will Barton,Will Barton,Denver Nuggets,2020,"$13,920,000"
Will Barton,Will Barton,Denver Nuggets,2021,"$14,880,000"
Keita Bates-Diop,Keita Bates-Diop,Denver Nuggets,2019,"$1,416,852"
Keita Bates-Diop,Keita Bates-Diop,Denver Nuggets,2020,"$1,663,861"
Nicolas Batum,Nicolas Batum,Charlotte Hornets,2019,"$25,565,217"
Nicolas Batum,Nicolas Batum,Charlotte Hornets,2020,"$27,130,434"
Aron Baynes,Aron Baynes,Phoenix Suns,2019,"$5,453,280"
Kent Bazemore,Kent Bazemore,Sacramento Kings,2019,"$19,269,662"
Darius Bazley,Darius Bazley,Oklahoma City Thunder,2019,"$2,284,800"
Darius Bazley,Darius Bazley,Oklahoma City Thunder,2020,"$2,399,160"
Darius Bazley,Darius Bazley,Oklahoma City Thunder,2021,"$2,513,040"
Darius Bazley,Darius Bazley,Oklahoma City Thunder,2022,"$4,264,629"
Bradley Beal,Bradley Beal,Washington Wizards,2019,"$27,093,019"
Bradley Beal,Bradley Beal,Washington Wizards,2020,"$28,751,775"
Bradley Beal,Bradley Beal,Washington Wizards,2021,"$34,502,130"
Bradley Beal,Bradley Beal,Washington Wizards,2022,"$37,262,300"
Malik Beasley,Malik Beasley,Minnesota Timberwolves,2019,"$2,731,714"
Marco Belinelli,Marco Belinelli,San Antonio Spurs,2019,"$5,846,154"
Jordan Bell,Jordan Bell,Memphis Grizzlies,2019,"$1,620,564"
DeAndre' Bembry,DeAndre' Bembry,Atlanta Hawks,2019,"$2,603,982"
Dragan Bender,Dragan Bender,Golden State Warriors,2019,"$189,702"
Dāvis Bertāns,Dāvis Bertāns,Washington Wizards,2019,"$7,000,000"
Patrick Beverley,Patrick Beverley,Los Angeles Clippers,2019,"$12,345,679"
Patrick Beverley,Patrick Beverley,Los Angeles Clippers,2020,"$13,333,333"
Patrick Beverley,Patrick Beverley,Los Angeles Clippers,2021,"$14,320,988"
Khem Birch,Khem Birch,Orlando Magic,2019,"$3,000,000"
Khem Birch,Khem Birch,Orlando Magic,2020,"$3,000,000"
Goga Bitadze,Goga Bitadze,Indiana Pacers,2019,"$2,816,760"
Goga Bitadze,Goga Bitadze,Indiana Pacers,2020,"$2,957,520"
Goga Bitadze,Goga Bitadze,Indiana Pacers,2021,"$3,098,400"
Goga Bitadze,Goga Bitadze,Indiana Pacers,2022,"$4,765,339"
Bismack Biyombo,Bismack Biyombo,Charlotte Hornets,2019,"$17,000,000"
Nemanja Bjelica,Nemanja Bjelica,Sacramento Kings,2019,"$6,825,000"
Nemanja Bjelica,Nemanja Bjelica,Sacramento Kings,2020,"$7,150,000"
Eric Bledsoe,Eric Bledsoe,Milwaukee Bucks,2019,"$15,625,000"
Eric Bledsoe,Eric Bledsoe,Milwaukee Bucks,2020,"$16,875,000"
Eric Bledsoe,Eric Bledsoe,Milwaukee Bucks,2021,"$18,125,000"
Eric Bledsoe,Eric Bledsoe,Milwaukee Bucks,2022,"$19,375,000"
Bogdan Bogdanović,Bogdan Bogdanović,Sacramento Kings,2019,"$8,529,386"
Bojan Bogdanović,Bojan Bogdanović,Utah Jazz,2019,"$17,000,000"
Bojan Bogdanović,Bojan Bogdanović,Utah Jazz,2020,"$17,850,000"
Bojan Bogdanović,Bojan Bogdanović,Utah Jazz,2021,"$18,700,000"
Bojan Bogdanović,Bojan Bogdanović,Utah Jazz,2022,"$19,550,000"
Jonah Bolden,Jonah Bolden,Philadelphia 76ers,2019,"$1,698,450"
Marques Bolden,Marques Bolden,Cleveland Cavaliers,2019,"$50,752"
Isaac Bonga,Isaac Bonga,Washington Wizards,2019,"$1,416,852"
Isaac Bonga,Isaac Bonga,Washington Wizards,2020,"$1,663,861"
Devin Booker,Devin Booker,Phoenix Suns,2019,"$27,250,000"
Devin Booker,Devin Booker,Phoenix Suns,2020,"$29,430,000"
Devin Booker,Devin Booker,Phoenix Suns,2021,"$31,610,000"
Devin Booker,Devin Booker,Phoenix Suns,2022,"$33,790,000"
Devin Booker,Devin Booker,Phoenix Suns,2023,"$35,970,000"
Chris Boucher,Chris Boucher,Toronto Raptors,2019,"$1,588,231"
Ky Bowman,Ky Bowman,Golden State Warriors,2019,"$350,189"
Ky Bowman,Ky Bowman,Golden State Warriors,2020,"$1,517,981"
Ky Bowman,Ky Bowman,Golden State Warriors,2021,"$1,782,621"
Avery Bradley,Avery Bradley,Los Angeles Lakers,2019,"$4,767,000"
Avery Bradley,Avery Bradley,Los Angeles Lakers,2020,"$5,005,350"
Tony Bradley,Tony Bradley,Utah Jazz,2019,"$1,962,360"
Tony Bradley,Tony Bradley,Utah Jazz,2020,"$3,542,060"
Ignas Brazdeikis,Ignas Brazdeikis,New York Knicks,2019,"$898,310"
Ignas Brazdeikis,Ignas Brazdeikis,New York Knicks,2020,"$1,517,981"
Ignas Brazdeikis,Ignas Brazdeikis,New York Knicks,2021,"$1,782,621"
Mikal Bridges,Mikal Bridges,Phoenix Suns,2019,"$4,161,000"
Mikal Bridges,Mikal Bridges,Phoenix Suns,2020,"$4,359,000"
Mikal Bridges,Mikal Bridges,Phoenix Suns,2021,"$5,557,725"
Miles Bridges,Miles Bridges,Charlotte Hornets,2019,"$3,755,400"
Miles Bridges,Miles Bridges,Charlotte Hornets,2020,"$3,934,320"
Miles Bridges,Miles Bridges,Charlotte Hornets,2021,"$5,421,493"
Ryan Broekhoff,Ryan Broekhoff,Dallas Mavericks,2019,"$1,443,842"
Malcolm Brogdon,Malcolm Brogdon,Indiana Pacers,2019,"$20,000,000"
Malcolm Brogdon,Malcolm Brogdon,Indiana Pacers,2020,"$20,700,000"
Malcolm Brogdon,Malcolm Brogdon,Indiana Pacers,2021,"$21,700,000"
Malcolm Brogdon,Malcolm Brogdon,Indiana Pacers,2022,"$22,600,000"
Dillon Brooks,Dillon Brooks,Memphis Grizzlies,2019,"$1,618,520"
Dillon Brooks,Dillon Brooks,Memphis Grizzlies,2020,"$11,400,000"
Dillon Brooks,Dillon Brooks,Memphis Grizzlies,2021,"$12,200,000"
Dillon Brooks,Dillon Brooks,Memphis Grizzlies,2022,"$11,400,000"
Bruce Brown,Bruce Brown,Detroit Pistons,2019,"$1,416,852"
Bruce Brown,Bruce Brown,Detroit Pistons,2020,"$1,663,861"
Jaylen Brown,Jaylen Brown,Boston Celtics,2019,"$6,534,829"
Jaylen Brown,Jaylen Brown,Boston Celtics,2020,"$22,991,071"
Jaylen Brown,Jaylen Brown,Boston Celtics,2021,"$24,830,357"
Jaylen Brown,Jaylen Brown,Boston Celtics,2022,"$26,669,643"
Jaylen Brown,Jaylen Brown,Boston Celtics,2023,"$28,508,929"
Sterling Brown,Sterling Brown,Milwaukee Bucks,2019,"$1,618,520"
Troy Brown Jr.,Troy Brown Jr.,Washington Wizards,2019,"$3,219,480"
Troy Brown Jr.,Troy Brown Jr.,Washington Wizards,2020,"$3,372,840"
Troy Brown Jr.,Troy Brown Jr.,Washington Wizards,2021,"$5,170,564"
Jalen Brunson,Jalen Brunson,Dallas Mavericks,2019,"$1,416,582"
Jalen Brunson,Jalen Brunson,Dallas Mavericks,2020,"$1,663,861"
Jalen Brunson,Jalen Brunson,Dallas Mavericks,2021,"$1,802,057"
Thomas Bryant,Thomas Bryant,Washington Wizards,2019,"$7,936,508"
Thomas Bryant,Thomas Bryant,Washington Wizards,2020,"$8,333,333"
Thomas Bryant,Thomas Bryant,Washington Wizards,2021,"$8,730,159"
Reggie Bullock,Reggie Bullock,New York Knicks,2019,"$4,000,000"
Reggie Bullock,Reggie Bullock,New York Knicks,2020,"$4,200,000"
Trey Burke,Trey Burke,Philadelphia 76ers,2019,"$2,028,594"
Alec Burks,Alec Burks,Philadelphia 76ers,2019,"$2,320,044"
Deonte Burton,Deonte Burton,Oklahoma City Thunder,2019,"$1,416,852"
Deonte Burton,Deonte Burton,Oklahoma City Thunder,2020,"$1,663,861"
Jimmy Butler,Jimmy Butler,Miami Heat,2019,"$32,742,000"
Jimmy Butler,Jimmy Butler,Miami Heat,2020,"$34,379,100"
Jimmy Butler,Jimmy Butler,Miami Heat,2021,"$36,016,200"
Jimmy Butler,Jimmy Butler,Miami Heat,2022,"$37,653,300"
Bruno Caboclo,Bruno Caboclo,Houston Rockets,2019,"$1,845,301"
Kentavious Caldwell-Pope,Kentavious Caldwell-Pope,Los Angeles Lakers,2019,"$8,089,282"
Kentavious Caldwell-Pope,Kentavious Caldwell-Pope,Los Angeles Lakers,2020,"$8,493,746"
Vlatko Čančar,Vlatko Čančar,Denver Nuggets,2019,"$1,517,981"
Vlatko Čančar,Vlatko Čančar,Denver Nuggets,2020,"$898,310"
Vlatko Čančar,Vlatko Čančar,Denver Nuggets,2021,"$1,782,621"
Clint Capela,Clint Capela,Atlanta Hawks,2019,"$16,456,522"
Clint Capela,Clint Capela,Atlanta Hawks,2020,"$17,500,000"
Clint Capela,Clint Capela,Atlanta Hawks,2021,"$18,543,478"
Clint Capela,Clint Capela,Atlanta Hawks,2022,"$19,586,957"
DeMarre Carroll,DeMarre Carroll,Houston Rockets,2019,"$811,447"
Jevon Carter,Jevon Carter,Phoenix Suns,2019,"$1,416,852"
Vince Carter,Vince Carter,Atlanta Hawks,2019,"$2,564,753"
Wendell Carter Jr.,Wendell Carter Jr.,Chicago Bulls,2019,"$5,201,400"
Wendell Carter Jr.,Wendell Carter Jr.,Chicago Bulls,2020,"$5,448,840"
Wendell Carter Jr.,Wendell Carter Jr.,Chicago Bulls,2021,"$6,920,027"
Michael Carter-Williams,Michael Carter-Williams,Orlando Magic,2019,"$2,028,594"
Alex Caruso,Alex Caruso,Los Angeles Lakers,2019,"$2,750,000"
Alex Caruso,Alex Caruso,Los Angeles Lakers,2020,"$2,750,000"
Willie Cauley-Stein,Willie Cauley-Stein,Dallas Mavericks,2019,"$2,177,483"
Willie Cauley-Stein,Willie Cauley-Stein,Dallas Mavericks,2020,"$2,286,357"
Tyson Chandler,Tyson Chandler,Houston Rockets,2019,"$2,564,753"
Wilson Chandler,Wilson Chandler,Brooklyn Nets,2019,"$2,564,753"
Joe Chealey,Joe Chealey,Charlotte Hornets,2019,"$163,356"
Marquese Chriss,Marquese Chriss,Golden State Warriors,2019,"$654,468"
Marquese Chriss,Marquese Chriss,Golden State Warriors,2020,"$1,824,003"
Gary Clark,Gary Clark,Houston Rockets,2019,"$708,426"
Brandon Clarke,Brandon Clarke,Memphis Grizzlies,2019,"$2,478,840"
Brandon Clarke,Brandon Clarke,Memphis Grizzlies,2020,"$2,602,920"
Brandon Clarke,Brandon Clarke,Memphis Grizzlies,2021,"$2,726,880"
Brandon Clarke,Brandon Clarke,Memphis Grizzlies,2022,"$4,343,920"
Jordan Clarkson,Jordan Clarkson,Utah Jazz,2019,"$13,437,500"
Nicolas Claxton,Nicolas Claxton,Brooklyn Nets,2019,"$898,310"
Nicolas Claxton,Nicolas Claxton,Brooklyn Nets,2020,"$1,517,981"
Nicolas Claxton,Nicolas Claxton,Brooklyn Nets,2021,"$1,782,621"
Chris Clemons,Chris Clemons,Houston Rockets,2019,"$568,422"
Chris Clemons,Chris Clemons,Houston Rockets,2020,"$1,517,981"
Chris Clemons,Chris Clemons,Houston Rockets,2021,"$1,782,621"
John Collins,John Collins,Atlanta Hawks,2019,"$2,686,560"
John Collins,John Collins,Atlanta Hawks,2020,"$4,137,302"
Zach Collins,Zach Collins,Portland Trail Blazers,2019,"$4,240,200"
Zach Collins,Zach Collins,Portland Trail Blazers,2020,"$5,406,255"
Mike Conley,Mike Conley,Utah Jazz,2019,"$32,511,623"
Mike Conley,Mike Conley,Utah Jazz,2020,"$34,504,132"
Pat Connaughton,Pat Connaughton,Milwaukee Bucks,2019,"$1,723,050"
Quinn Cook,Quinn Cook,Los Angeles Lakers,2019,"$3,000,000"
Quinn Cook,Quinn Cook,Los Angeles Lakers,2020,"$3,000,000"
Tyler Cook,Tyler Cook,Cleveland Cavaliers,2019,"$101,504"
DeMarcus Cousins,DeMarcus Cousins,Los Angeles Lakers,2019,"$3,500,000"
Robert Covington,Robert Covington,Houston Rockets,2019,"$11,301,219"
Robert Covington,Robert Covington,Houston Rockets,2020,"$12,138,345"
Robert Covington,Robert Covington,Houston Rockets,2021,"$12,975,471"
Allen Crabbe,Allen Crabbe,Minnesota Timberwolves,2019,"$17,818,456"
Torrey Craig,Torrey Craig,Denver Nuggets,2019,"$2,100,000"
Jae Crowder,Jae Crowder,Miami Heat,2019,"$7,815,533"
Jarrett Culver,Jarrett Culver,Minnesota Timberwolves,2019,"$5,813,640"
Jarrett Culver,Jarrett Culver,Minnesota Timberwolves,2020,"$6,104,280"
Jarrett Culver,Jarrett Culver,Minnesota Timberwolves,2021,"$6,395,160"
Jarrett Culver,Jarrett Culver,Minnesota Timberwolves,2022,"$8,109,063"
Seth Curry,Seth Curry,Dallas Mavericks,2019,"$7,441,860"
Seth Curry,Seth Curry,Dallas Mavericks,2020,"$7,813,953"
Seth Curry,Seth Curry,Dallas Mavericks,2021,"$8,186,047"
Seth Curry,Seth Curry,Dallas Mavericks,2022,"$8,558,140"
Stephen Curry,Stephen Curry,Golden State Warriors,2019,"$40,231,758"
Stephen Curry,Stephen Curry,Golden State Warriors,2020,"$43,006,362"
Stephen Curry,Stephen Curry,Golden State Warriors,2021,"$45,780,966"
Troy Daniels,Troy Daniels,Denver Nuggets,2019,"$481,000"
Anthony Davis,Anthony Davis,Los Angeles Lakers,2019,"$27,093,019"
Anthony Davis,Anthony Davis,Los Angeles Lakers,2020,"$28,751,775"
Ed Davis,Ed Davis,Utah Jazz,2019,"$4,767,000"
Ed Davis,Ed Davis,Utah Jazz,2020,"$5,005,350"
Terence Davis,Terence Davis,Toronto Raptors,2019,"$898,310"
Terence Davis,Terence Davis,Toronto Raptors,2020,"$1,517,981"
DeMar DeRozan,DeMar DeRozan,San Antonio Spurs,2019,"$27,739,975"
DeMar DeRozan,DeMar DeRozan,San Antonio Spurs,2020,"$27,739,975"
Dewayne Dedmon,Dewayne Dedmon,Atlanta Hawks,2019,"$13,333,334"
Dewayne Dedmon,Dewayne Dedmon,Atlanta Hawks,2020,"$13,333,333"
Dewayne Dedmon,Dewayne Dedmon,Atlanta Hawks,2021,"$13,333,333"
Matthew Dellavedova,Matthew Dellavedova,Cleveland Cavaliers,2019,"$9,607,500"
Donte DiVincenzo,Donte DiVincenzo,Milwaukee Bucks,2019,"$2,905,800"
Donte DiVincenzo,Donte DiVincenzo,Milwaukee Bucks,2020,"$3,044,160"
Donte DiVincenzo,Donte DiVincenzo,Milwaukee Bucks,2021,"$4,675,830"
Cheick Diallo,Cheick Diallo,Phoenix Suns,2019,"$1,678,854"
Cheick Diallo,Cheick Diallo,Phoenix Suns,2020,"$1,824,003"
Hamidou Diallo,Hamidou Diallo,Oklahoma City Thunder,2019,"$1,416,852"
Hamidou Diallo,Hamidou Diallo,Oklahoma City Thunder,2020,"$1,663,861"
Gorgui Dieng,Gorgui Dieng,Memphis Grizzlies,2019,"$16,229,213"
Gorgui Dieng,Gorgui Dieng,Memphis Grizzlies,2020,"$17,287,640"
Spencer Dinwiddie,Spencer Dinwiddie,Brooklyn Nets,2019,"$10,600,000"
Spencer Dinwiddie,Spencer Dinwiddie,Brooklyn Nets,2020,"$11,400,000"
Spencer Dinwiddie,Spencer Dinwiddie,Brooklyn Nets,2021,"$12,300,000"
Luka Dončić,Luka Dončić,Dallas Mavericks,2019,"$7,683,360"
Luka Dončić,Luka Dončić,Dallas Mavericks,2020,"$8,049,360"
Luka Dončić,Luka Dončić,Dallas Mavericks,2021,"$10,174,391"
Damyean Dotson,Damyean Dotson,New York Knicks,2019,"$1,618,520"
Sekou Doumbouya,Sekou Doumbouya,Detroit Pistons,2019,"$3,285,120"
Sekou Doumbouya,Sekou Doumbouya,Detroit Pistons,2020,"$3,449,400"
Sekou Doumbouya,Sekou Doumbouya,Detroit Pistons,2021,"$3,613,680"
Sekou Doumbouya,Sekou Doumbouya,Detroit Pistons,2022,"$5,539,771"
Goran Dragić,Goran Dragić,Miami Heat,2019,"$19,217,900"
Andre Drummond,Andre Drummond,Cleveland Cavaliers,2019,"$27,093,019"
Andre Drummond,Andre Drummond,Cleveland Cavaliers,2020,"$28,751,775"
Jared Dudley,Jared Dudley,Los Angeles Lakers,2019,"$2,564,753"
Kris Dunn,Kris Dunn,Chicago Bulls,2019,"$5,348,007"
Kevin Durant,Kevin Durant,Brooklyn Nets,2019,"$37,199,000"
Kevin Durant,Kevin Durant,Brooklyn Nets,2020,"$39,058,950"
Kevin Durant,Kevin Durant,Brooklyn Nets,2021,"$40,918,900"
Kevin Durant,Kevin Durant,Brooklyn Nets,2022,"$42,778,850"
Carsen Edwards,Carsen Edwards,Boston Celtics,2019,"$1,228,026"
Carsen Edwards,Carsen Edwards,Boston Celtics,2020,"$1,517,981"
Carsen Edwards,Carsen Edwards,Boston Celtics,2021,"$1,782,621"
Carsen Edwards,Carsen Edwards,Boston Celtics,2022,"$1,930,681"
Wayne Ellington,Wayne Ellington,New York Knicks,2019,"$7,804,878"
Wayne Ellington,Wayne Ellington,New York Knicks,2020,"$8,195,122"
Joel Embiid,Joel Embiid,Philadelphia 76ers,2019,"$27,504,630"
Joel Embiid,Joel Embiid,Philadelphia 76ers,2020,"$29,542,010"
Joel Embiid,Joel Embiid,Philadelphia 76ers,2021,"$31,579,390"
Joel Embiid,Joel Embiid,Philadelphia 76ers,2022,"$33,616,770"
James Ennis,James Ennis,Orlando Magic,2019,"$1,882,867"
James Ennis,James Ennis,Orlando Magic,2020,"$2,071,978"
Jacob Evans,Jacob Evans,Minnesota Timberwolves,2019,"$1,925,880"
Jacob Evans,Jacob Evans,Minnesota Timberwolves,2020,"$2,017,320"
Jacob Evans,Jacob Evans,Minnesota Timberwolves,2021,"$3,641,263"
Dante Exum,Dante Exum,Cleveland Cavaliers,2019,"$9,600,000"
Dante Exum,Dante Exum,Cleveland Cavaliers,2020,"$9,600,000"
Derrick Favors,Derrick Favors,New Orleans Pelicans,2019,"$17,650,000"
Cristiano Felício,Cristiano Felício,Chicago Bulls,2019,"$8,156,500"
Cristiano Felício,Cristiano Felício,Chicago Bulls,2020,"$7,529,020"
Terrance Ferguson,Terrance Ferguson,Oklahoma City Thunder,2019,"$2,475,840"
Terrance Ferguson,Terrance Ferguson,Oklahoma City Thunder,2020,"$3,944,013"
Bruno Fernando,Bruno Fernando,Atlanta Hawks,2019,"$1,400,000"
Bruno Fernando,Bruno Fernando,Atlanta Hawks,2020,"$1,517,981"
Bruno Fernando,Bruno Fernando,Atlanta Hawks,2021,"$1,782,621"
Yogi Ferrell,Yogi Ferrell,Sacramento Kings,2019,"$3,150,000"
Dorian Finney-Smith,Dorian Finney-Smith,Dallas Mavericks,2019,"$4,000,000"
Dorian Finney-Smith,Dorian Finney-Smith,Dallas Mavericks,2020,"$4,000,000"
Dorian Finney-Smith,Dorian Finney-Smith,Dallas Mavericks,2021,"$4,000,000"
Bryn Forbes,Bryn Forbes,San Antonio Spurs,2019,"$2,875,000"
Evan Fournier,Evan Fournier,Orlando Magic,2019,"$17,000,000"
Evan Fournier,Evan Fournier,Orlando Magic,2020,"$17,000,000"
De'Aaron Fox,De'Aaron Fox,Sacramento Kings,2019,"$6,392,760"
De'Aaron Fox,De'Aaron Fox,Sacramento Kings,2020,"$8,099,627"
Melvin Frazier,Melvin Frazier,Orlando Magic,2019,"$1,416,852"
Melvin Frazier,Melvin Frazier,Orlando Magic,2020,"$1,663,861"
Tim Frazier,Tim Frazier,Detroit Pistons,2019,"$1,882,867"
Markelle Fultz,Markelle Fultz,Orlando Magic,2019,"$9,745,200"
Markelle Fultz,Markelle Fultz,Orlando Magic,2020,"$12,288,697"
Wenyen Gabriel,Wenyen Gabriel,Portland Trail Blazers,2019,"$898,310"
Daniel Gafford,Daniel Gafford,Chicago Bulls,2019,"$898,310"
Daniel Gafford,Daniel Gafford,Chicago Bulls,2020,"$1,517,981"
Daniel Gafford,Daniel Gafford,Chicago Bulls,2021,"$1,782,621"
Daniel Gafford,Daniel Gafford,Chicago Bulls,2022,"$1,930,681"
Danilo Gallinari,Danilo Gallinari,Oklahoma City Thunder,2019,"$22,615,559"
Langston Galloway,Langston Galloway,Detroit Pistons,2019,"$7,333,333"
Darius Garland,Darius Garland,Cleveland Cavaliers,2019,"$6,400,920"
Darius Garland,Darius Garland,Cleveland Cavaliers,2020,"$6,720,720"
Darius Garland,Darius Garland,Cleveland Cavaliers,2021,"$7,040,880"
Darius Garland,Darius Garland,Cleveland Cavaliers,2022,"$8,920,795"
Marc Gasol,Marc Gasol,Toronto Raptors,2019,"$25,595,700"
Pau Gasol,Pau Gasol,Portland Trail Blazers,2019,"$2,564,753"
Rudy Gay,Rudy Gay,San Antonio Spurs,2019,"$14,000,000"
Rudy Gay,Rudy Gay,San Antonio Spurs,2020,"$14,000,000"
Paul George,Paul George,Los Angeles Clippers,2019,"$33,005,556"
Paul George,Paul George,Los Angeles Clippers,2020,"$35,450,412"
Paul George,Paul George,Los Angeles Clippers,2021,"$37,895,268"
Taj Gibson,Taj Gibson,New York Knicks,2019,"$9,800,000"
Taj Gibson,Taj Gibson,New York Knicks,2020,"$10,290,000"
Harry Giles,Harry Giles,Sacramento Kings,2019,"$2,578,800"
Shai Gilgeous-Alexander,Shai Gilgeous-Alexander,Oklahoma City Thunder,2019,"$3,952,920"
Shai Gilgeous-Alexander,Shai Gilgeous-Alexander,Oklahoma City Thunder,2020,"$4,141,320"
Shai Gilgeous-Alexander,Shai Gilgeous-Alexander,Oklahoma City Thunder,2021,"$5,495,532"
Rudy Gobert,Rudy Gobert,Utah Jazz,2019,"$25,008,427"
Rudy Gobert,Rudy Gobert,Utah Jazz,2020,"$26,525,281"
Brandon Goodwin,Brandon Goodwin,Atlanta Hawks,2019,"$522,738"
Brandon Goodwin,Brandon Goodwin,Atlanta Hawks,2020,"$1,701,593"
Aaron Gordon,Aaron Gordon,Orlando Magic,2019,"$19,863,636"
Aaron Gordon,Aaron Gordon,Orlando Magic,2020,"$18,136,364"
Aaron Gordon,Aaron Gordon,Orlando Magic,2021,"$16,409,091"
Eric Gordon,Eric Gordon,Houston Rockets,2019,"$14,057,730"
Eric Gordon,Eric Gordon,Houston Rockets,2020,"$16,869,276"
Eric Gordon,Eric Gordon,Houston Rockets,2021,"$18,218,818"
Eric Gordon,Eric Gordon,Houston Rockets,2022,"$19,568,360"
Eric Gordon,Eric Gordon,Houston Rockets,2023,"$20,917,902"
Devonte' Graham,Devonte' Graham,Charlotte Hornets,2019,"$1,416,852"
Devonte' Graham,Devonte' Graham,Charlotte Hornets,2020,"$1,663,861"
Treveon Graham,Treveon Graham,Atlanta Hawks,2019,"$1,678,854"
Jerami Grant,Jerami Grant,Denver Nuggets,2019,"$9,346,153"
Jerami Grant,Jerami Grant,Denver Nuggets,2020,"$9,346,153"
Danny Green,Danny Green,Los Angeles Lakers,2019,"$14,634,146"
Danny Green,Danny Green,Los Angeles Lakers,2020,"$15,365,854"
Draymond Green,Draymond Green,Golden State Warriors,2019,"$18,539,130"
Draymond Green,Draymond Green,Golden State Warriors,2020,"$22,246,956"
Draymond Green,Draymond Green,Golden State Warriors,2021,"$24,026,712"
Draymond Green,Draymond Green,Golden State Warriors,2022,"$25,806,469"
Draymond Green,Draymond Green,Golden State Warriors,2023,"$27,586,225"
Gerald Green,Gerald Green,Denver Nuggets,2019,"$2,564,753"
JaMychal Green,JaMychal Green,Los Angeles Clippers,2019,"$4,767,000"
JaMychal Green,JaMychal Green,Los Angeles Clippers,2020,"$5,005,350"
Javonte Green,Javonte Green,Boston Celtics,2019,"$898,310"
Javonte Green,Javonte Green,Boston Celtics,2020,"$1,517,981"
Jeff Green,Jeff Green,Houston Rockets,2019,"$695,526"
Blake Griffin,Blake Griffin,Detroit Pistons,2019,"$34,234,964"
Blake Griffin,Blake Griffin,Detroit Pistons,2020,"$36,595,996"
Blake Griffin,Blake Griffin,Detroit Pistons,2021,"$38,957,028"
Marko Guduric,Marko Guduric,Memphis Grizzlies,2019,"$2,625,000"
Marko Guduric,Marko Guduric,Memphis Grizzlies,2020,"$2,750,000"
Rui Hachimura,Rui Hachimura,Washington Wizards,2019,"$4,469,160"
Rui Hachimura,Rui Hachimura,Washington Wizards,2020,"$4,692,840"
Rui Hachimura,Rui Hachimura,Washington Wizards,2021,"$4,916,160"
Rui Hachimura,Rui Hachimura,Washington Wizards,2022,"$6,263,188"
Donta Hall,Donta Hall,Detroit Pistons,2019,"$101,504"
Justin Hamilton,Justin Hamilton,Toronto Raptors,2019,"$1,000,000"
Dusty Hannahs,Dusty Hannahs,Memphis Grizzlies,2019,"$81,678"
Tim Hardaway Jr.,Tim Hardaway Jr.,Dallas Mavericks,2019,"$18,150,000"
Tim Hardaway Jr.,Tim Hardaway Jr.,Dallas Mavericks,2020,"$18,975,000"
James Harden,James Harden,Houston Rockets,2019,"$37,800,000"
James Harden,James Harden,Houston Rockets,2020,"$40,824,000"
James Harden,James Harden,Houston Rockets,2021,"$43,848,000"
James Harden,James Harden,Houston Rockets,2022,"$46,872,000"
Maurice Harkless,Maurice Harkless,New York Knicks,2019,"$11,511,234"
Montrezl Harrell,Montrezl Harrell,Los Angeles Clippers,2019,"$6,000,000"
Gary Harris,Gary Harris,Denver Nuggets,2019,"$17,839,286"
Gary Harris,Gary Harris,Denver Nuggets,2020,"$19,160,714"
Gary Harris,Gary Harris,Denver Nuggets,2021,"$20,482,143"
Joe Harris,Joe Harris,Brooklyn Nets,2019,"$7,670,000"
Tobias Harris,Tobias Harris,Philadelphia 76ers,2019,"$31,034,483"
Tobias Harris,Tobias Harris,Philadelphia 76ers,2020,"$33,517,241"
Tobias Harris,Tobias Harris,Philadelphia 76ers,2021,"$36,000,000"
Tobias Harris,Tobias Harris,Philadelphia 76ers,2022,"$38,482,759"
Tobias Harris,Tobias Harris,Philadelphia 76ers,2023,"$40,965,517"
Shaquille Harrison,Shaquille Harrison,Chicago Bulls,2019,"$898,310"
Josh Hart,Josh Hart,New Orleans Pelicans,2019,"$1,934,160"
Josh Hart,Josh Hart,New Orleans Pelicans,2020,"$3,491,159"
Isaiah Hartenstein,Isaiah Hartenstein,Houston Rockets,2019,"$1,416,852"
Isaiah Hartenstein,Isaiah Hartenstein,Houston Rockets,2020,"$1,663,861"
Udonis Haslem,Udonis Haslem,Miami Heat,2019,"$2,564,753"
Spencer Hawes,Spencer Hawes,Milwaukee Bucks,2019,"$2,007,058"
Jaxson Hayes,Jaxson Hayes,New Orleans Pelicans,2019,"$4,862,040"
Jaxson Hayes,Jaxson Hayes,New Orleans Pelicans,2020,"$5,105,160"
Jaxson Hayes,Jaxson Hayes,New Orleans Pelicans,2021,"$5,348,280"
Jaxson Hayes,Jaxson Hayes,New Orleans Pelicans,2022,"$6,803,012"
Gordon Hayward,Gordon Hayward,Boston Celtics,2019,"$32,700,690"
Gordon Hayward,Gordon Hayward,Boston Celtics,2020,"$34,187,085"
John Henson,John Henson,Detroit Pistons,2019,"$9,732,396"
Dewan Hernandez,Dewan Hernandez,Toronto Raptors,2019,"$898,310"
Dewan Hernandez,Dewan Hernandez,Toronto Raptors,2020,"$1,517,981"
Dewan Hernandez,Dewan Hernandez,Toronto Raptors,2021,"$1,782,621"
Juan Hernangómez,Juan Hernangómez,Minnesota Timberwolves,2019,"$3,321,030"
Willy Hernangómez,Willy Hernangómez,Charlotte Hornets,2019,"$1,676,735"
Tyler Herro,Tyler Herro,Miami Heat,2019,"$3,640,200"
Tyler Herro,Tyler Herro,Miami Heat,2020,"$3,822,240"
Tyler Herro,Tyler Herro,Miami Heat,2021,"$4,004,280"
Tyler Herro,Tyler Herro,Miami Heat,2022,"$5,722,116"
Mario Hezonja,Mario Hezonja,Portland Trail Blazers,2019,"$1,737,145"
Mario Hezonja,Mario Hezonja,Portland Trail Blazers,2020,"$1,882,867"
Buddy Hield,Buddy Hield,Sacramento Kings,2019,"$4,861,208"
Buddy Hield,Buddy Hield,Sacramento Kings,2020,"$24,431,818"
Buddy Hield,Buddy Hield,Sacramento Kings,2021,"$22,477,273"
Buddy Hield,Buddy Hield,Sacramento Kings,2022,"$20,522,727"
Buddy Hield,Buddy Hield,Sacramento Kings,2023,"$18,568,182"
Nenê,Nenê,Atlanta Hawks,2019,"$2,564,753"
George Hill,George Hill,Milwaukee Bucks,2019,"$9,133,907"
George Hill,George Hill,Milwaukee Bucks,2020,"$9,590,602"
George Hill,George Hill,Milwaukee Bucks,2021,"$10,047,297"
Solomon Hill,Solomon Hill,Miami Heat,2019,"$13,258,781"
Aaron Holiday,Aaron Holiday,Indiana Pacers,2019,"$2,239,200"
Aaron Holiday,Aaron Holiday,Indiana Pacers,2020,"$2,345,640"
Aaron Holiday,Aaron Holiday,Indiana Pacers,2021,"$3,980,551"
Jrue Holiday,Jrue Holiday,New Orleans Pelicans,2019,"$26,131,111"
Jrue Holiday,Jrue Holiday,New Orleans Pelicans,2020,"$26,131,111"
Jrue Holiday,Jrue Holiday,New Orleans Pelicans,2021,"$27,020,000"
Justin Holiday,Justin Holiday,Indiana Pacers,2019,"$4,767,000"
Rondae Hollis-Jefferson,Rondae Hollis-Jefferson,Toronto Raptors,2019,"$2,500,000"
Richaun Holmes,Richaun Holmes,Sacramento Kings,2019,"$4,767,000"
Richaun Holmes,Richaun Holmes,Sacramento Kings,2020,"$5,005,350"
Rodney Hood,Rodney Hood,Portland Trail Blazers,2019,"$5,718,000"
Rodney Hood,Rodney Hood,Portland Trail Blazers,2020,"$6,003,900"
Al Horford,Al Horford,Philadelphia 76ers,2019,"$28,000,000"
Al Horford,Al Horford,Philadelphia 76ers,2020,"$27,500,000"
Al Horford,Al Horford,Philadelphia 76ers,2021,"$27,000,000"
Al Horford,Al Horford,Philadelphia 76ers,2022,"$26,500,000"
Talen Horton-Tucker,Talen Horton-Tucker,Los Angeles Lakers,2019,"$898,310"
Talen Horton-Tucker,Talen Horton-Tucker,Los Angeles Lakers,2020,"$1,517,981"
Danuel House,Danuel House,Houston Rockets,2019,"$3,540,000"
Danuel House,Danuel House,Houston Rockets,2020,"$3,717,000"
Danuel House,Danuel House,Houston Rockets,2021,"$3,894,000"
Dwight Howard,Dwight Howard,Los Angeles Lakers,2019,"$2,564,753"
Kevin Huerter,Kevin Huerter,Atlanta Hawks,2019,"$2,636,280"
Kevin Huerter,Kevin Huerter,Atlanta Hawks,2020,"$2,761,920"
Kevin Huerter,Kevin Huerter,Atlanta Hawks,2021,"$4,253,357"
De'Andre Hunter,De'Andre Hunter,Atlanta Hawks,2019,"$7,068,360"
De'Andre Hunter,De'Andre Hunter,Atlanta Hawks,2020,"$7,422,000"
De'Andre Hunter,De'Andre Hunter,Atlanta Hawks,2021,"$7,775,400"
De'Andre Hunter,De'Andre Hunter,Atlanta Hawks,2022,"$9,835,881"
Chandler Hutchison,Chandler Hutchison,Chicago Bulls,2019,"$2,332,320"
Chandler Hutchison,Chandler Hutchison,Chicago Bulls,2020,"$2,443,440"
Chandler Hutchison,Chandler Hutchison,Chicago Bulls,2021,"$4,019,459"
Serge Ibaka,Serge Ibaka,Toronto Raptors,2019,"$23,271,604"
Andre Iguodala,Andre Iguodala,Miami Heat,2019,"$17,185,185"
Andre Iguodala,Andre Iguodala,Miami Heat,2020,"$15,000,000"
Andre Iguodala,Andre Iguodala,Miami Heat,2021,"$15,000,000"
Ersan İlyasova,Ersan İlyasova,Milwaukee Bucks,2019,"$7,000,000"
Ersan İlyasova,Ersan İlyasova,Milwaukee Bucks,2020,"$7,000,000"
Joe Ingles,Joe Ingles,Utah Jazz,2019,"$11,954,546"
Joe Ingles,Joe Ingles,Utah Jazz,2020,"$10,863,637"
Joe Ingles,Joe Ingles,Utah Jazz,2021,"$14,000,000"
Brandon Ingram,Brandon Ingram,New Orleans Pelicans,2019,"$7,265,485"
Kyrie Irving,Kyrie Irving,Brooklyn Nets,2019,"$31,742,000"
Kyrie Irving,Kyrie Irving,Brooklyn Nets,2020,"$33,329,100"
Kyrie Irving,Kyrie Irving,Brooklyn Nets,2021,"$34,916,200"
Kyrie Irving,Kyrie Irving,Brooklyn Nets,2022,"$36,503,300"
Jonathan Isaac,Jonathan Isaac,Orlando Magic,2019,"$5,806,440"
Jonathan Isaac,Jonathan Isaac,Orlando Magic,2020,"$7,362,566"
Wesley Iwundu,Wesley Iwundu,Orlando Magic,2019,"$1,618,520"
Demetrius Jackson,Demetrius Jackson,Boston Celtics,2019,"$92,857"
Demetrius Jackson,Demetrius Jackson,Boston Celtics,2020,"$92,857"
Demetrius Jackson,Demetrius Jackson,Boston Celtics,2021,"$92,857"
Demetrius Jackson,Demetrius Jackson,Boston Celtics,2022,"$92,857"
Demetrius Jackson,Demetrius Jackson,Boston Celtics,2023,"$92,857"
Frank Jackson,Frank Jackson,New Orleans Pelicans,2019,"$1,618,520"
Jaren Jackson Jr.,Jaren Jackson Jr.,Memphis Grizzlies,2019,"$6,927,480"
Jaren Jackson Jr.,Jaren Jackson Jr.,Memphis Grizzlies,2020,"$7,257,360"
Jaren Jackson Jr.,Jaren Jackson Jr.,Memphis Grizzlies,2021,"$9,180,560"
Josh Jackson,Josh Jackson,Memphis Grizzlies,2019,"$7,059,480"
Justin Jackson,Justin Jackson,Dallas Mavericks,2019,"$3,280,920"
Justin Jackson,Justin Jackson,Dallas Mavericks,2020,"$5,029,650"
Reggie Jackson,Reggie Jackson,Detroit Pistons,2019,"$17,286,956"
Justin James,Justin James,Sacramento Kings,2019,"$898,310"
Justin James,Justin James,Sacramento Kings,2020,"$1,517,981"
Justin James,Justin James,Sacramento Kings,2021,"$1,782,621"
LeBron James,LeBron James,Los Angeles Lakers,2019,"$37,436,858"
LeBron James,LeBron James,Los Angeles Lakers,2020,"$39,219,565"
LeBron James,LeBron James,Los Angeles Lakers,2021,"$41,002,273"
Amile Jefferson,Amile Jefferson,Orlando Magic,2019,"$1,445,697"
Ty Jerome,Ty Jerome,Phoenix Suns,2019,"$2,193,480"
Ty Jerome,Ty Jerome,Phoenix Suns,2020,"$2,303,040"
Ty Jerome,Ty Jerome,Phoenix Suns,2021,"$2,412,840"
Ty Jerome,Ty Jerome,Phoenix Suns,2022,"$4,220,057"
Alize Johnson,Alize Johnson,Indiana Pacers,2019,"$1,416,852"
Cameron Johnson,Cameron Johnson,Phoenix Suns,2019,"$4,033,440"
Cameron Johnson,Cameron Johnson,Phoenix Suns,2020,"$4,235,160"
Cameron Johnson,Cameron Johnson,Phoenix Suns,2021,"$4,437,000"
Cameron Johnson,Cameron Johnson,Phoenix Suns,2022,"$5,887,899"
Dakari Johnson,Dakari Johnson,Memphis Grizzlies,2019,"$459,414"
Dakari Johnson,Dakari Johnson,Memphis Grizzlies,2020,"$459,414"
James Johnson,James Johnson,Minnesota Timberwolves,2019,"$15,349,400"
James Johnson,James Johnson,Minnesota Timberwolves,2020,"$16,047,100"
Keldon Johnson,Keldon Johnson,San Antonio Spurs,2019,"$1,950,600"
Keldon Johnson,Keldon Johnson,San Antonio Spurs,2020,"$2,048,040"
Keldon Johnson,Keldon Johnson,San Antonio Spurs,2021,"$2,145,720"
Keldon Johnson,Keldon Johnson,San Antonio Spurs,2022,"$3,873,025"
Stanley Johnson,Stanley Johnson,Toronto Raptors,2019,"$3,623,000"
Stanley Johnson,Stanley Johnson,Toronto Raptors,2020,"$3,801,000"
Tyler Johnson,Tyler Johnson,Phoenix Suns,2019,"$19,245,370"
Nikola Jokić,Nikola Jokić,Denver Nuggets,2019,"$26,573,595"
Nikola Jokić,Nikola Jokić,Denver Nuggets,2020,"$28,542,009"
Nikola Jokić,Nikola Jokić,Denver Nuggets,2021,"$30,510,423"
Nikola Jokić,Nikola Jokić,Denver Nuggets,2022,"$32,478,837"
Damian Jones,Damian Jones,Atlanta Hawks,2019,"$2,305,057"
Derrick Jones Jr.,Derrick Jones Jr.,Miami Heat,2019,"$1,645,357"
Jemerrio Jones,Jemerrio Jones,Washington Wizards,2019,"$199,000"
Tyus Jones,Tyus Jones,Memphis Grizzlies,2019,"$8,408,000"
Tyus Jones,Tyus Jones,Memphis Grizzlies,2020,"$7,965,100"
Tyus Jones,Tyus Jones,Memphis Grizzlies,2021,"$7,522,200"
DeAndre Jordan,DeAndre Jordan,Brooklyn Nets,2019,"$9,881,598"
DeAndre Jordan,DeAndre Jordan,Brooklyn Nets,2020,"$10,375,678"
DeAndre Jordan,DeAndre Jordan,Brooklyn Nets,2021,"$9,881,598"
DeAndre Jordan,DeAndre Jordan,Brooklyn Nets,2022,"$9,821,842"
Cory Joseph,Cory Joseph,Sacramento Kings,2019,"$12,000,000"
Cory Joseph,Cory Joseph,Sacramento Kings,2020,"$12,600,000"
Cory Joseph,Cory Joseph,Sacramento Kings,2021,"$12,600,000"
Mfiondu Kabengele,Mfiondu Kabengele,Los Angeles Clippers,2019,"$1,977,000"
Mfiondu Kabengele,Mfiondu Kabengele,Los Angeles Clippers,2020,"$2,075,880"
Mfiondu Kabengele,Mfiondu Kabengele,Los Angeles Clippers,2021,"$2,174,880"
Mfiondu Kabengele,Mfiondu Kabengele,Los Angeles Clippers,2022,"$3,923,484"
Frank Kaminsky,Frank Kaminsky,Phoenix Suns,2019,"$4,767,000"
Frank Kaminsky,Frank Kaminsky,Phoenix Suns,2020,"$5,005,350"
Enes Kanter,Enes Kanter,Boston Celtics,2019,"$4,767,000"
Enes Kanter,Enes Kanter,Boston Celtics,2020,"$5,005,350"
Luke Kennard,Luke Kennard,Detroit Pistons,2019,"$3,827,160"
Luke Kennard,Luke Kennard,Detroit Pistons,2020,"$5,273,826"
Stanton Kidd,Stanton Kidd,Utah Jazz,2019,"$250,000"
Michael Kidd-Gilchrist,Michael Kidd-Gilchrist,Charlotte Hornets,2019,"$13,000,000"
Maxi Kleber,Maxi Kleber,Dallas Mavericks,2019,"$8,000,000"
Maxi Kleber,Maxi Kleber,Dallas Mavericks,2020,"$8,250,000"
Maxi Kleber,Maxi Kleber,Dallas Mavericks,2021,"$8,750,000"
Maxi Kleber,Maxi Kleber,Dallas Mavericks,2022,"$9,000,000"
Brandon Knight,Brandon Knight,Detroit Pistons,2019,"$15,643,750"
Kevin Knox,Kevin Knox,New York Knicks,2019,"$4,380,120"
Kevin Knox,Kevin Knox,New York Knicks,2020,"$4,588,680"
Kevin Knox,Kevin Knox,New York Knicks,2021,"$5,845,978"
Furkan Korkmaz,Furkan Korkmaz,Philadelphia 76ers,2019,"$1,620,564"
Furkan Korkmaz,Furkan Korkmaz,Philadelphia 76ers,2020,"$1,762,796"
Luke Kornet,Luke Kornet,Chicago Bulls,2019,"$2,195,122"
Luke Kornet,Luke Kornet,Chicago Bulls,2020,"$2,304,878"
Kyle Korver,Kyle Korver,Milwaukee Bucks,2019,"$2,564,753"
Rodions Kurucs,Rodions Kurucs,Brooklyn Nets,2019,"$1,699,236"
Rodions Kurucs,Rodions Kurucs,Brooklyn Nets,2020,"$1,780,152"
Rodions Kurucs,Rodions Kurucs,Brooklyn Nets,2021,"$1,861,068"
Kyle Kuzma,Kyle Kuzma,Los Angeles Lakers,2019,"$1,974,600"
Kyle Kuzma,Kyle Kuzma,Los Angeles Lakers,2020,"$3,562,178"
Zach LaVine,Zach LaVine,Chicago Bulls,2019,"$19,500,000"
Zach LaVine,Zach LaVine,Chicago Bulls,2020,"$19,500,000"
Zach LaVine,Zach LaVine,Chicago Bulls,2021,"$19,500,000"
Skal Labissière,Skal Labissière,Atlanta Hawks,2019,"$2,338,847"
Jeremy Lamb,Jeremy Lamb,Indiana Pacers,2019,"$10,500,000"
Jeremy Lamb,Jeremy Lamb,Indiana Pacers,2020,"$10,500,000"
Jeremy Lamb,Jeremy Lamb,Indiana Pacers,2021,"$10,500,000"
Romeo Langford,Romeo Langford,Boston Celtics,2019,"$3,458,400"
Romeo Langford,Romeo Langford,Boston Celtics,2020,"$3,631,200"
Romeo Langford,Romeo Langford,Boston Celtics,2021,"$3,804,360"
Romeo Langford,Romeo Langford,Boston Celtics,2022,"$5,634,257"
Jake Layman,Jake Layman,Minnesota Timberwolves,2019,"$3,581,986"
Jake Layman,Jake Layman,Minnesota Timberwolves,2020,"$3,761,085"
Jake Layman,Jake Layman,Minnesota Timberwolves,2021,"$3,940,184"
Caris LeVert,Caris LeVert,Brooklyn Nets,2019,"$2,625,718"
Caris LeVert,Caris LeVert,Brooklyn Nets,2020,"$16,203,704"
Caris LeVert,Caris LeVert,Brooklyn Nets,2021,"$17,500,000"
Caris LeVert,Caris LeVert,Brooklyn Nets,2022,"$18,796,296"
T.J. Leaf,T.J. Leaf,Indiana Pacers,2019,"$2,813,280"
T.J. Leaf,T.J. Leaf,Indiana Pacers,2020,"$4,326,825"
Jalen Lecque,Jalen Lecque,Phoenix Suns,2019,"$898,310"
Jalen Lecque,Jalen Lecque,Phoenix Suns,2020,"$1,517,981"
Jalen Lecque,Jalen Lecque,Phoenix Suns,2021,"$1,782,621"
Jalen Lecque,Jalen Lecque,Phoenix Suns,2022,"$1,930,681"
Courtney Lee,Courtney Lee,Dallas Mavericks,2019,"$12,759,670"
Damion Lee,Damion Lee,Golden State Warriors,2019,"$842,327"
Damion Lee,Damion Lee,Golden State Warriors,2020,"$1,762,796"
Damion Lee,Damion Lee,Golden State Warriors,2021,"$1,910,860"
Alex Len,Alex Len,Sacramento Kings,2019,"$4,160,000"
Kawhi Leonard,Kawhi Leonard,Los Angeles Clippers,2019,"$32,742,000"
Kawhi Leonard,Kawhi Leonard,Los Angeles Clippers,2020,"$34,379,100"
Kawhi Leonard,Kawhi Leonard,Los Angeles Clippers,2021,"$36,016,200"
Meyers Leonard,Meyers Leonard,Miami Heat,2019,"$11,286,515"
Jon Leuer,Jon Leuer,Milwaukee Bucks,2019,"$3,169,348"
Jon Leuer,Jon Leuer,Milwaukee Bucks,2020,"$3,169,348"
Jon Leuer,Jon Leuer,Milwaukee Bucks,2021,"$3,169,347"
Damian Lillard,Damian Lillard,Portland Trail Blazers,2019,"$29,802,321"
Damian Lillard,Damian Lillard,Portland Trail Blazers,2020,"$31,626,953"
Damian Lillard,Damian Lillard,Portland Trail Blazers,2021,"$43,750,000"
Damian Lillard,Damian Lillard,Portland Trail Blazers,2022,"$47,250,000"
Damian Lillard,Damian Lillard,Portland Trail Blazers,2023,"$50,750,000"
Damian Lillard,Damian Lillard,Portland Trail Blazers,2024,"$54,250,000"
Nassir Little,Nassir Little,Portland Trail Blazers,2019,"$2,105,520"
Nassir Little,Nassir Little,Portland Trail Blazers,2020,"$2,210,640"
Nassir Little,Nassir Little,Portland Trail Blazers,2021,"$2,316,240"
Nassir Little,Nassir Little,Portland Trail Blazers,2022,"$4,171,548"
Kevon Looney,Kevon Looney,Golden State Warriors,2019,"$4,464,286"
Kevon Looney,Kevon Looney,Golden State Warriors,2020,"$4,821,429"
Kevon Looney,Kevon Looney,Golden State Warriors,2021,"$5,178,572"
Brook Lopez,Brook Lopez,Milwaukee Bucks,2019,"$12,093,024"
Brook Lopez,Brook Lopez,Milwaukee Bucks,2020,"$12,697,675"
Brook Lopez,Brook Lopez,Milwaukee Bucks,2021,"$13,302,325"
Brook Lopez,Brook Lopez,Milwaukee Bucks,2022,"$13,906,976"
Robin Lopez,Robin Lopez,Milwaukee Bucks,2019,"$4,767,000"
Robin Lopez,Robin Lopez,Milwaukee Bucks,2020,"$5,005,350"
Kevin Love,Kevin Love,Cleveland Cavaliers,2019,"$28,900,000"
Kevin Love,Kevin Love,Cleveland Cavaliers,2020,"$31,300,000"
Kevin Love,Kevin Love,Cleveland Cavaliers,2021,"$31,300,000"
Kevin Love,Kevin Love,Cleveland Cavaliers,2022,"$28,900,000"
Kyle Lowry,Kyle Lowry,Toronto Raptors,2019,"$33,296,296"
Kyle Lowry,Kyle Lowry,Toronto Raptors,2020,"$30,000,000"
Timothé Luwawu-Cabarrot,Timothé Luwawu-Cabarrot,Brooklyn Nets,2019,"$654,468"
Timothé Luwawu-Cabarrot,Timothé Luwawu-Cabarrot,Brooklyn Nets,2020,"$1,824,003"
Tyler Lydon,Tyler Lydon,Sacramento Kings,2019,"$50,000"
Trey Lyles,Trey Lyles,San Antonio Spurs,2019,"$5,500,000"
Trey Lyles,Trey Lyles,San Antonio Spurs,2020,"$5,500,000"
Sheldon Mac,Sheldon Mac,Cleveland Cavaliers,2019,"$81,678"
J.P. Macura,J.P. Macura,Cleveland Cavaliers,2019,"$81,678"
Josh Magette,Josh Magette,Orlando Magic,2019,"$81,678"
Ian Mahinmi,Ian Mahinmi,Washington Wizards,2019,"$15,450,051"
Thon Maker,Thon Maker,Detroit Pistons,2019,"$3,569,643"
Terance Mann,Terance Mann,Los Angeles Clippers,2019,"$1,000,000"
Terance Mann,Terance Mann,Los Angeles Clippers,2020,"$1,517,984"
Terance Mann,Terance Mann,Los Angeles Clippers,2021,"$1,782,621"
Terance Mann,Terance Mann,Los Angeles Clippers,2022,"$1,930,681"
Boban Marjanović,Boban Marjanović,Dallas Mavericks,2019,"$3,500,000"
Boban Marjanović,Boban Marjanović,Dallas Mavericks,2020,"$3,500,000"
Lauri Markkanen,Lauri Markkanen,Chicago Bulls,2019,"$5,300,400"
Lauri Markkanen,Lauri Markkanen,Chicago Bulls,2020,"$6,731,508"
Caleb Martin,Caleb Martin,Charlotte Hornets,2019,"$898,310"
Caleb Martin,Caleb Martin,Charlotte Hornets,2020,"$1,517,981"
Caleb Martin,Caleb Martin,Charlotte Hornets,2021,"$1,782,621"
Cody Martin,Cody Martin,Charlotte Hornets,2019,"$1,173,310"
Cody Martin,Cody Martin,Charlotte Hornets,2020,"$1,517,981"
Cody Martin,Cody Martin,Charlotte Hornets,2021,"$1,782,621"
Yante Maten,Yante Maten,Miami Heat,2019,"$100,000"
Wesley Matthews,Wesley Matthews,Milwaukee Bucks,2019,"$2,564,753"
Wesley Matthews,Wesley Matthews,Milwaukee Bucks,2020,"$2,692,991"
Patrick McCaw,Patrick McCaw,Toronto Raptors,2019,"$4,000,000"
Patrick McCaw,Patrick McCaw,Toronto Raptors,2020,"$4,000,000"
CJ McCollum,CJ McCollum,Portland Trail Blazers,2019,"$27,556,959"
CJ McCollum,CJ McCollum,Portland Trail Blazers,2020,"$29,354,152"
CJ McCollum,CJ McCollum,Portland Trail Blazers,2021,"$30,864,198"
CJ McCollum,CJ McCollum,Portland Trail Blazers,2022,"$33,333,333"
CJ McCollum,CJ McCollum,Portland Trail Blazers,2023,"$35,802,469"
T.J. McConnell,T.J. McConnell,Indiana Pacers,2019,"$3,500,000"
T.J. McConnell,T.J. McConnell,Indiana Pacers,2020,"$3,500,000"
Jalen McDaniels,Jalen McDaniels,Charlotte Hornets,2019,"$898,310"
Jalen McDaniels,Jalen McDaniels,Charlotte Hornets,2020,"$1,517,981"
Jalen McDaniels,Jalen McDaniels,Charlotte Hornets,2021,"$1,782,621"
Jalen McDaniels,Jalen McDaniels,Charlotte Hornets,2022,"$1,930,681"
Doug McDermott,Doug McDermott,Indiana Pacers,2019,"$7,333,334"
Doug McDermott,Doug McDermott,Indiana Pacers,2020,"$7,333,333"
JaVale McGee,JaVale McGee,Los Angeles Lakers,2019,"$4,000,000"
JaVale McGee,JaVale McGee,Los Angeles Lakers,2020,"$4,200,000"
Rodney McGruder,Rodney McGruder,Los Angeles Clippers,2019,"$4,629,630"
Rodney McGruder,Rodney McGruder,Los Angeles Clippers,2020,"$5,000,000"
Rodney McGruder,Rodney McGruder,Los Angeles Clippers,2021,"$5,370,370"
Alfonzo McKinnie,Alfonzo McKinnie,Cleveland Cavaliers,2019,"$1,361,046"
Alfonzo McKinnie,Alfonzo McKinnie,Cleveland Cavaliers,2020,"$1,762,796"
Alfonzo McKinnie,Alfonzo McKinnie,Cleveland Cavaliers,2021,"$1,910,860"
Alfonzo McKinnie,Alfonzo McKinnie,Cleveland Cavaliers,2022,"$2,165,298"
Ben McLemore,Ben McLemore,Houston Rockets,2019,"$2,028,594"
Ben McLemore,Ben McLemore,Houston Rockets,2020,"$2,283,034"
Jordan McRae,Jordan McRae,Detroit Pistons,2019,"$1,645,357"
Nicolò Melli,Nicolò Melli,New Orleans Pelicans,2019,"$3,902,439"
Nicolò Melli,Nicolò Melli,New Orleans Pelicans,2020,"$4,097,561"
De'Anthony Melton,De'Anthony Melton,Memphis Grizzlies,2019,"$1,416,852"
Chimezie Metu,Chimezie Metu,San Antonio Spurs,2019,"$1,416,852"
Chimezie Metu,Chimezie Metu,San Antonio Spurs,2020,"$1,663,861"
Khris Middleton,Khris Middleton,Milwaukee Bucks,2019,"$30,603,448"
Khris Middleton,Khris Middleton,Milwaukee Bucks,2020,"$33,051,724"
Khris Middleton,Khris Middleton,Milwaukee Bucks,2021,"$35,500,000"
Khris Middleton,Khris Middleton,Milwaukee Bucks,2022,"$37,948,276"
Khris Middleton,Khris Middleton,Milwaukee Bucks,2023,"$40,396,552"
Eric Mika,Eric Mika,Sacramento Kings,2019,"$50,752"
C.J. Miles,C.J. Miles,Washington Wizards,2019,"$8,730,158"
Darius Miller,Darius Miller,New Orleans Pelicans,2019,"$7,250,000"
Darius Miller,Darius Miller,New Orleans Pelicans,2020,"$7,000,000"
Malcolm Miller,Malcolm Miller,Toronto Raptors,2019,"$1,588,231"
Patty Mills,Patty Mills,San Antonio Spurs,2019,"$12,428,571"
Patty Mills,Patty Mills,San Antonio Spurs,2020,"$13,285,714"
Paul Millsap,Paul Millsap,Denver Nuggets,2019,"$30,500,000"
Shake Milton,Shake Milton,Philadelphia 76ers,2019,"$1,445,697"
Shake Milton,Shake Milton,Philadelphia 76ers,2020,"$1,701,593"
Shake Milton,Shake Milton,Philadelphia 76ers,2021,"$1,846,738"
Shake Milton,Shake Milton,Philadelphia 76ers,2022,"$1,997,718"
Donovan Mitchell,Donovan Mitchell,Utah Jazz,2019,"$3,635,760"
Donovan Mitchell,Donovan Mitchell,Utah Jazz,2020,"$5,195,501"
Malik Monk,Malik Monk,Charlotte Hornets,2019,"$4,028,400"
Malik Monk,Malik Monk,Charlotte Hornets,2020,"$5,345,687"
E'Twaun Moore,E'Twaun Moore,New Orleans Pelicans,2019,"$8,664,928"
Ja Morant,Ja Morant,Memphis Grizzlies,2019,"$8,730,240"
Ja Morant,Ja Morant,Memphis Grizzlies,2020,"$9,166,800"
Ja Morant,Ja Morant,Memphis Grizzlies,2021,"$9,603,360"
Ja Morant,Ja Morant,Memphis Grizzlies,2022,"$12,119,440"
Juwan Morgan,Juwan Morgan,Utah Jazz,2019,"$746,054"
Marcus Morris,Marcus Morris,Los Angeles Clippers,2019,"$15,000,000"
Markieff Morris,Markieff Morris,Detroit Pistons,2019,"$2,241,808"
Monte Morris,Monte Morris,Denver Nuggets,2019,"$1,588,231"
Monte Morris,Monte Morris,Denver Nuggets,2020,"$1,663,861"
Timofey Mozgov,Timofey Mozgov,Orlando Magic,2019,"$5,573,333"
Timofey Mozgov,Timofey Mozgov,Orlando Magic,2020,"$5,573,333"
Timofey Mozgov,Timofey Mozgov,Orlando Magic,2021,"$5,573,334"
Emmanuel Mudiay,Emmanuel Mudiay,Utah Jazz,2019,"$1,737,145"
Mychal Mulder,Mychal Mulder,Golden State Warriors,2019,"$187,782"
Mychal Mulder,Mychal Mulder,Golden State Warriors,2020,"$1,517,981"
Mychal Mulder,Mychal Mulder,Golden State Warriors,2021,"$1,782,621"
Dejounte Murray,Dejounte Murray,San Antonio Spurs,2019,"$2,321,735"
Dejounte Murray,Dejounte Murray,San Antonio Spurs,2020,"$14,285,714"
Dejounte Murray,Dejounte Murray,San Antonio Spurs,2021,"$15,428,571"
Dejounte Murray,Dejounte Murray,San Antonio Spurs,2022,"$16,571,429"
Dejounte Murray,Dejounte Murray,San Antonio Spurs,2023,"$17,714,286"
Jamal Murray,Jamal Murray,Denver Nuggets,2019,"$4,444,746"
Jamal Murray,Jamal Murray,Denver Nuggets,2020,"$29,250,000"
Jamal Murray,Jamal Murray,Denver Nuggets,2021,"$31,590,000"
Jamal Murray,Jamal Murray,Denver Nuggets,2022,"$33,930,000"
Jamal Murray,Jamal Murray,Denver Nuggets,2023,"$36,270,000"
Jamal Murray,Jamal Murray,Denver Nuggets,2024,"$38,610,000"
Džanan Musa,Džanan Musa,Brooklyn Nets,2019,"$1,911,600"
Džanan Musa,Džanan Musa,Brooklyn Nets,2020,"$2,002,800"
Džanan Musa,Džanan Musa,Brooklyn Nets,2021,"$3,615,054"
Mike Muscala,Mike Muscala,Oklahoma City Thunder,2019,"$2,028,594"
Mike Muscala,Mike Muscala,Oklahoma City Thunder,2020,"$2,283,034"
Sviatoslav Mykhailiuk,Sviatoslav Mykhailiuk,Detroit Pistons,2019,"$1,416,852"
Sviatoslav Mykhailiuk,Sviatoslav Mykhailiuk,Detroit Pistons,2020,"$1,663,861"
Abdel Nader,Abdel Nader,Oklahoma City Thunder,2019,"$1,618,520"
Abdel Nader,Abdel Nader,Oklahoma City Thunder,2020,"$1,752,950"
Larry Nance Jr.,Larry Nance Jr.,Cleveland Cavaliers,2019,"$12,727,273"
Larry Nance Jr.,Larry Nance Jr.,Cleveland Cavaliers,2020,"$11,709,091"
Larry Nance Jr.,Larry Nance Jr.,Cleveland Cavaliers,2021,"$10,690,909"
Larry Nance Jr.,Larry Nance Jr.,Cleveland Cavaliers,2022,"$9,672,727"
Shabazz Napier,Shabazz Napier,Washington Wizards,2019,"$1,882,867"
Raul Neto,Raul Neto,Philadelphia 76ers,2019,"$1,737,145"
Malik Newman,Malik Newman,Cleveland Cavaliers,2019,"$50,752"
Georges Niang,Georges Niang,Utah Jazz,2019,"$1,678,854"
Georges Niang,Georges Niang,Utah Jazz,2020,"$1,783,557"
Andrew Nicholson,Andrew Nicholson,Portland Trail Blazers,2019,"$2,844,429"
Andrew Nicholson,Andrew Nicholson,Portland Trail Blazers,2020,"$2,844,429"
Andrew Nicholson,Andrew Nicholson,Portland Trail Blazers,2021,"$2,844,429"
Andrew Nicholson,Andrew Nicholson,Portland Trail Blazers,2022,"$2,844,429"
Andrew Nicholson,Andrew Nicholson,Portland Trail Blazers,2023,"$2,844,429"
Joakim Noah,Joakim Noah,Los Angeles Clippers,2019,"$144,901"
Nerlens Noel,Nerlens Noel,Oklahoma City Thunder,2019,"$2,028,594"
Zach Norvell,Zach Norvell,Golden State Warriors,2019,"$50,752"
Jaylen Nowell,Jaylen Nowell,Minnesota Timberwolves,2019,"$1,400,000"
Jaylen Nowell,Jaylen Nowell,Minnesota Timberwolves,2020,"$1,517,981"
Jaylen Nowell,Jaylen Nowell,Minnesota Timberwolves,2021,"$1,782,621"
Jaylen Nowell,Jaylen Nowell,Minnesota Timberwolves,2022,"$1,930,681"
Frank Ntilikina,Frank Ntilikina,New York Knicks,2019,"$4,855,800"
Frank Ntilikina,Frank Ntilikina,New York Knicks,2020,"$6,176,578"
Kendrick Nunn,Kendrick Nunn,Miami Heat,2019,"$1,416,852"
Kendrick Nunn,Kendrick Nunn,Miami Heat,2020,"$1,663,861"
Jusuf Nurkić,Jusuf Nurkić,Portland Trail Blazers,2019,"$12,000,000"
Jusuf Nurkić,Jusuf Nurkić,Portland Trail Blazers,2020,"$12,000,000"
Jusuf Nurkić,Jusuf Nurkić,Portland Trail Blazers,2021,"$12,000,000"
David Nwaba,David Nwaba,Brooklyn Nets,2019,"$1,678,854"
Royce O'Neale,Royce O'Neale,Utah Jazz,2019,"$1,618,520"
Royce O'Neale,Royce O'Neale,Utah Jazz,2020,"$8,035,714"
Royce O'Neale,Royce O'Neale,Utah Jazz,2021,"$8,678,571"
Royce O'Neale,Royce O'Neale,Utah Jazz,2022,"$9,321,429"
Royce O'Neale,Royce O'Neale,Utah Jazz,2023,"$9,964,286"
Kyle O'Quinn,Kyle O'Quinn,Philadelphia 76ers,2019,"$2,028,594"
Semi Ojeleye,Semi Ojeleye,Boston Celtics,2019,"$1,618,520"
Semi Ojeleye,Semi Ojeleye,Boston Celtics,2020,"$1,752,950"
Jahlil Okafor,Jahlil Okafor,New Orleans Pelicans,2019,"$1,702,486"
Elie Okobo,Elie Okobo,Phoenix Suns,2019,"$1,416,852"
Elie Okobo,Elie Okobo,Phoenix Suns,2020,"$1,663,861"
Elie Okobo,Elie Okobo,Phoenix Suns,2021,"$1,802,057"
Josh Okogie,Josh Okogie,Minnesota Timberwolves,2019,"$2,530,680"
Josh Okogie,Josh Okogie,Minnesota Timberwolves,2020,"$2,651,040"
Josh Okogie,Josh Okogie,Minnesota Timberwolves,2021,"$4,087,904"
KZ Okpala,KZ Okpala,Miami Heat,2019,"$898,310"
KZ Okpala,KZ Okpala,Miami Heat,2020,"$1,517,981"
KZ Okpala,KZ Okpala,Miami Heat,2021,"$1,782,621"
Victor Oladipo,Victor Oladipo,Indiana Pacers,2019,"$21,000,000"
Victor Oladipo,Victor Oladipo,Indiana Pacers,2020,"$21,000,000"
Kelly Olynyk,Kelly Olynyk,Miami Heat,2019,"$11,667,885"
Kelly Olynyk,Kelly Olynyk,Miami Heat,2020,"$12,198,243"
Miye Oni,Miye Oni,Utah Jazz,2019,"$898,310"
Miye Oni,Miye Oni,Utah Jazz,2020,"$1,517,981"
Miye Oni,Miye Oni,Utah Jazz,2021,"$1,782,621"
Cedi Osman,Cedi Osman,Cleveland Cavaliers,2019,"$2,907,143"
Cedi Osman,Cedi Osman,Cleveland Cavaliers,2020,"$8,750,000"
Cedi Osman,Cedi Osman,Cleveland Cavaliers,2021,"$8,050,000"
Cedi Osman,Cedi Osman,Cleveland Cavaliers,2022,"$7,350,000"
Cedi Osman,Cedi Osman,Cleveland Cavaliers,2023,"$6,650,000"
Kelly Oubre Jr.,Kelly Oubre Jr.,Phoenix Suns,2019,"$15,625,000"
Kelly Oubre Jr.,Kelly Oubre Jr.,Phoenix Suns,2020,"$14,375,000"
Jeremy Pargo,Jeremy Pargo,Golden State Warriors,2019,"$91,557"
Jabari Parker,Jabari Parker,Sacramento Kings,2019,"$6,500,000"
Jabari Parker,Jabari Parker,Sacramento Kings,2020,"$6,500,000"
Chandler Parsons,Chandler Parsons,Atlanta Hawks,2019,"$25,102,511"
Eric Paschall,Eric Paschall,Golden State Warriors,2019,"$898,310"
Eric Paschall,Eric Paschall,Golden State Warriors,2020,"$1,517,981"
Eric Paschall,Eric Paschall,Golden State Warriors,2021,"$1,782,621"
Anžejs Pasečņiks,Anžejs Pasečņiks,Washington Wizards,2019,"$482,144"
Patrick Patterson,Patrick Patterson,Los Angeles Clippers,2019,"$2,331,593"
Justin Patton,Justin Patton,Dallas Mavericks,2019,"$1,620,564"
Chris Paul,Chris Paul,Oklahoma City Thunder,2019,"$38,506,482"
Chris Paul,Chris Paul,Oklahoma City Thunder,2020,"$41,358,814"
Chris Paul,Chris Paul,Oklahoma City Thunder,2021,"$44,211,146"
Cameron Payne,Cameron Payne,Toronto Raptors,2019,"$150,000"
Elfrid Payton,Elfrid Payton,New York Knicks,2019,"$8,000,000"
Elfrid Payton,Elfrid Payton,New York Knicks,2020,"$8,000,000"
Gary Payton II,Gary Payton II,Washington Wizards,2019,"$1,090,781"
Norvel Pelle,Norvel Pelle,Philadelphia 76ers,2019,"$350,189"
Theo Pinson,Theo Pinson,Brooklyn Nets,2019,"$1,445,697"
Theo Pinson,Theo Pinson,Brooklyn Nets,2020,"$1,701,593"
Mason Plumlee,Mason Plumlee,Denver Nuggets,2019,"$14,041,096"
Miles Plumlee,Miles Plumlee,Memphis Grizzlies,2019,"$12,500,000"
Vincent Poirier,Vincent Poirier,Boston Celtics,2019,"$2,505,793"
Vincent Poirier,Vincent Poirier,Boston Celtics,2020,"$2,619,207"
Jakob Pöltl,Jakob Pöltl,San Antonio Spurs,2019,"$3,754,886"
Jordan Poole,Jordan Poole,Golden State Warriors,2019,"$1,964,760"
Jordan Poole,Jordan Poole,Golden State Warriors,2020,"$2,063,280"
Jordan Poole,Jordan Poole,Golden State Warriors,2021,"$2,161,440"
Jordan Poole,Jordan Poole,Golden State Warriors,2022,"$3,901,399"
Kevin Porter Jr.,Kevin Porter Jr.,Cleveland Cavaliers,2019,"$1,290,960"
Kevin Porter Jr.,Kevin Porter Jr.,Cleveland Cavaliers,2020,"$2,033,160"
Kevin Porter Jr.,Kevin Porter Jr.,Cleveland Cavaliers,2021,"$2,130,240"
Kevin Porter Jr.,Kevin Porter Jr.,Cleveland Cavaliers,2022,"$3,845,083"
Michael Porter Jr.,Michael Porter Jr.,Denver Nuggets,2019,"$3,389,400"
Michael Porter Jr.,Michael Porter Jr.,Denver Nuggets,2020,"$3,550,800"
Michael Porter Jr.,Michael Porter Jr.,Denver Nuggets,2021,"$5,258,735"
Otto Porter,Otto Porter,Chicago Bulls,2019,"$27,250,576"
Otto Porter,Otto Porter,Chicago Bulls,2020,"$28,489,239"
Bobby Portis,Bobby Portis,New York Knicks,2019,"$15,000,000"
Bobby Portis,Bobby Portis,New York Knicks,2020,"$15,750,000"
Kristaps Porziņģis,Kristaps Porziņģis,Dallas Mavericks,2019,"$27,285,000"
Kristaps Porziņģis,Kristaps Porziņģis,Dallas Mavericks,2020,"$29,467,800"
Kristaps Porziņģis,Kristaps Porziņģis,Dallas Mavericks,2021,"$31,650,600"
Kristaps Porziņģis,Kristaps Porziņģis,Dallas Mavericks,2022,"$33,833,400"
Kristaps Porziņģis,Kristaps Porziņģis,Dallas Mavericks,2023,"$36,016,200"
Dwight Powell,Dwight Powell,Dallas Mavericks,2019,"$10,259,375"
Dwight Powell,Dwight Powell,Dallas Mavericks,2020,"$10,185,185"
Dwight Powell,Dwight Powell,Dallas Mavericks,2021,"$11,000,000"
Dwight Powell,Dwight Powell,Dallas Mavericks,2022,"$11,814,815"
Norman Powell,Norman Powell,Toronto Raptors,2019,"$10,116,576"
Norman Powell,Norman Powell,Toronto Raptors,2020,"$10,865,952"
Norman Powell,Norman Powell,Toronto Raptors,2021,"$11,615,328"
Ivan Rabb,Ivan Rabb,Memphis Grizzlies,2019,"$371,758"
Chasson Randle,Chasson Randle,Golden State Warriors,2019,"$91,557"
Julius Randle,Julius Randle,New York Knicks,2019,"$18,000,000"
Julius Randle,Julius Randle,New York Knicks,2020,"$18,900,000"
Julius Randle,Julius Randle,New York Knicks,2021,"$19,800,000"
Cam Reddish,Cam Reddish,Atlanta Hawks,2019,"$4,245,720"
Cam Reddish,Cam Reddish,Atlanta Hawks,2020,"$4,458,000"
Cam Reddish,Cam Reddish,Atlanta Hawks,2021,"$4,670,160"
Cam Reddish,Cam Reddish,Atlanta Hawks,2022,"$5,954,454"
J.J. Redick,J.J. Redick,New Orleans Pelicans,2019,"$13,486,300"
J.J. Redick,J.J. Redick,New Orleans Pelicans,2020,"$13,013,700"
Naz Reid,Naz Reid,Minnesota Timberwolves,2019,"$898,310"
Naz Reid,Naz Reid,Minnesota Timberwolves,2020,"$1,517,981"
Naz Reid,Naz Reid,Minnesota Timberwolves,2021,"$1,782,621"
Naz Reid,Naz Reid,Minnesota Timberwolves,2022,"$1,930,681"
Josh Richardson,Josh Richardson,Philadelphia 76ers,2019,"$10,100,000"
Josh Richardson,Josh Richardson,Philadelphia 76ers,2020,"$10,800,000"
Josh Richardson,Josh Richardson,Philadelphia 76ers,2021,"$11,600,000"
Austin Rivers,Austin Rivers,Houston Rockets,2019,"$2,174,318"
Austin Rivers,Austin Rivers,Houston Rockets,2020,"$2,369,663"
Duncan Robinson,Duncan Robinson,Miami Heat,2019,"$1,416,852"
Duncan Robinson,Duncan Robinson,Miami Heat,2020,"$1,663,861"
Glenn Robinson III,Glenn Robinson III,Philadelphia 76ers,2019,"$1,882,867"
Glenn Robinson III,Glenn Robinson III,Philadelphia 76ers,2020,"$2,071,978"
Jerome Robinson,Jerome Robinson,Washington Wizards,2019,"$3,567,720"
Jerome Robinson,Jerome Robinson,Washington Wizards,2020,"$3,737,520"
Jerome Robinson,Jerome Robinson,Washington Wizards,2021,"$5,340,916"
Justin Robinson,Justin Robinson,Washington Wizards,2019,"$395,866"
Mitchell Robinson,Mitchell Robinson,New York Knicks,2019,"$1,559,712"
Mitchell Robinson,Mitchell Robinson,New York Knicks,2020,"$1,663,861"
Mitchell Robinson,Mitchell Robinson,New York Knicks,2021,"$1,802,057"
Isaiah Roby,Isaiah Roby,Oklahoma City Thunder,2019,"$1,500,000"
Isaiah Roby,Isaiah Roby,Oklahoma City Thunder,2020,"$1,517,981"
Isaiah Roby,Isaiah Roby,Oklahoma City Thunder,2021,"$1,782,621"
Isaiah Roby,Isaiah Roby,Oklahoma City Thunder,2022,"$1,930,681"
Rajon Rondo,Rajon Rondo,Los Angeles Lakers,2019,"$2,564,753"
Rajon Rondo,Rajon Rondo,Los Angeles Lakers,2020,"$2,619,605"
Derrick Rose,Derrick Rose,Detroit Pistons,2019,"$7,317,073"
Derrick Rose,Derrick Rose,Detroit Pistons,2020,"$7,682,927"
Terrence Ross,Terrence Ross,Orlando Magic,2019,"$12,500,000"
Terrence Ross,Terrence Ross,Orlando Magic,2020,"$13,500,000"
Terrence Ross,Terrence Ross,Orlando Magic,2021,"$12,500,000"
Terrence Ross,Terrence Ross,Orlando Magic,2022,"$11,500,000"
Terry Rozier,Terry Rozier,Charlotte Hornets,2019,"$19,894,737"
Terry Rozier,Terry Rozier,Charlotte Hornets,2020,"$18,900,000"
Terry Rozier,Terry Rozier,Charlotte Hornets,2021,"$17,905,263"
Ricky Rubio,Ricky Rubio,Phoenix Suns,2019,"$16,190,476"
Ricky Rubio,Ricky Rubio,Phoenix Suns,2020,"$17,000,000"
Ricky Rubio,Ricky Rubio,Phoenix Suns,2021,"$17,809,524"
D'Angelo Russell,D'Angelo Russell,Minnesota Timberwolves,2019,"$27,285,000"
D'Angelo Russell,D'Angelo Russell,Minnesota Timberwolves,2020,"$28,649,250"
D'Angelo Russell,D'Angelo Russell,Minnesota Timberwolves,2021,"$30,013,500"
D'Angelo Russell,D'Angelo Russell,Minnesota Timberwolves,2022,"$31,377,750"
Domantas Sabonis,Domantas Sabonis,Indiana Pacers,2019,"$3,529,555"
Domantas Sabonis,Domantas Sabonis,Indiana Pacers,2020,"$17,187,500"
Domantas Sabonis,Domantas Sabonis,Indiana Pacers,2021,"$18,562,500"
Domantas Sabonis,Domantas Sabonis,Indiana Pacers,2022,"$19,937,500"
Domantas Sabonis,Domantas Sabonis,Indiana Pacers,2023,"$21,312,500"
Luka Šamanić,Luka Šamanić,San Antonio Spurs,2019,"$2,689,920"
Luka Šamanić,Luka Šamanić,San Antonio Spurs,2020,"$2,824,320"
Luka Šamanić,Luka Šamanić,San Antonio Spurs,2021,"$2,959,080"
Luka Šamanić,Luka Šamanić,San Antonio Spurs,2022,"$4,556,983"
JaKarr Sampson,JaKarr Sampson,Indiana Pacers,2019,"$1,737,145"
Dario Šarić,Dario Šarić,Phoenix Suns,2019,"$3,481,986"
Tomáš Satoranský,Tomáš Satoranský,Chicago Bulls,2019,"$10,000,000"
Tomáš Satoranský,Tomáš Satoranský,Chicago Bulls,2020,"$10,000,000"
Tomáš Satoranský,Tomáš Satoranský,Chicago Bulls,2021,"$10,000,000"
Admiral Schofield,Admiral Schofield,Washington Wizards,2019,"$898,310"
Admiral Schofield,Admiral Schofield,Washington Wizards,2020,"$1,517,981"
Admiral Schofield,Admiral Schofield,Washington Wizards,2021,"$1,782,621"
Dennis Schröder,Dennis Schröder,Oklahoma City Thunder,2019,"$15,500,000"
Dennis Schröder,Dennis Schröder,Oklahoma City Thunder,2020,"$15,500,000"
Mike Scott,Mike Scott,Philadelphia 76ers,2019,"$4,767,000"
Mike Scott,Mike Scott,Philadelphia 76ers,2020,"$5,005,350"
Thabo Sefolosha,Thabo Sefolosha,Houston Rockets,2019,"$2,564,753"
Collin Sexton,Collin Sexton,Cleveland Cavaliers,2019,"$4,764,960"
Collin Sexton,Collin Sexton,Cleveland Cavaliers,2020,"$4,991,880"
Collin Sexton,Collin Sexton,Cleveland Cavaliers,2021,"$6,349,671"
Landry Shamet,Landry Shamet,Los Angeles Clippers,2019,"$1,995,120"
Landry Shamet,Landry Shamet,Los Angeles Clippers,2020,"$2,090,040"
Landry Shamet,Landry Shamet,Los Angeles Clippers,2021,"$3,768,342"
Iman Shumpert,Iman Shumpert,Brooklyn Nets,2019,"$419,443"
Pascal Siakam,Pascal Siakam,Toronto Raptors,2019,"$2,351,839"
Pascal Siakam,Pascal Siakam,Toronto Raptors,2020,"$29,000,000"
Pascal Siakam,Pascal Siakam,Toronto Raptors,2021,"$31,320,000"
Pascal Siakam,Pascal Siakam,Toronto Raptors,2022,"$33,640,000"
Pascal Siakam,Pascal Siakam,Toronto Raptors,2023,"$35,960,000"
Chris Silva,Chris Silva,Miami Heat,2019,"$466,918"
Chris Silva,Chris Silva,Miami Heat,2020,"$1,517,981"
Chris Silva,Chris Silva,Miami Heat,2021,"$1,782,621"
Ben Simmons,Ben Simmons,Philadelphia 76ers,2019,"$8,113,930"
Ben Simmons,Ben Simmons,Philadelphia 76ers,2020,"$29,250,000"
Ben Simmons,Ben Simmons,Philadelphia 76ers,2021,"$31,590,000"
Ben Simmons,Ben Simmons,Philadelphia 76ers,2022,"$33,930,000"
Ben Simmons,Ben Simmons,Philadelphia 76ers,2023,"$36,270,000"
Ben Simmons,Ben Simmons,Philadelphia 76ers,2024,"$38,610,000"
Jonathon Simmons,Jonathon Simmons,Washington Wizards,2019,"$1,000,000"
Anfernee Simons,Anfernee Simons,Portland Trail Blazers,2019,"$2,149,560"
Anfernee Simons,Anfernee Simons,Portland Trail Blazers,2020,"$2,252,040"
Anfernee Simons,Anfernee Simons,Portland Trail Blazers,2021,"$3,938,818"
Kyle Singler,Kyle Singler,Oklahoma City Thunder,2019,"$999,200"
Kyle Singler,Kyle Singler,Oklahoma City Thunder,2020,"$999,200"
Kyle Singler,Kyle Singler,Oklahoma City Thunder,2021,"$999,200"
Kyle Singler,Kyle Singler,Oklahoma City Thunder,2022,"$999,200"
Alen Smailagić,Alen Smailagić,Golden State Warriors,2019,"$898,310"
Alen Smailagić,Alen Smailagić,Golden State Warriors,2020,"$1,517,981"
Alen Smailagić,Alen Smailagić,Golden State Warriors,2021,"$1,782,621"
Alen Smailagić,Alen Smailagić,Golden State Warriors,2022,"$1,930,681"
Marcus Smart,Marcus Smart,Boston Celtics,2019,"$12,553,471"
Marcus Smart,Marcus Smart,Boston Celtics,2020,"$13,446,428"
Marcus Smart,Marcus Smart,Boston Celtics,2021,"$14,339,285"
Dennis Smith Jr.,Dennis Smith Jr.,New York Knicks,2019,"$4,463,640"
Dennis Smith Jr.,Dennis Smith Jr.,New York Knicks,2020,"$5,686,677"
Ish Smith,Ish Smith,Washington Wizards,2019,"$5,853,659"
Ish Smith,Ish Smith,Washington Wizards,2020,"$6,146,341"
J.R. Smith,J.R. Smith,Cleveland Cavaliers,2019,"$1,456,667"
J.R. Smith,J.R. Smith,Cleveland Cavaliers,2020,"$1,456,667"
J.R. Smith,J.R. Smith,Cleveland Cavaliers,2021,"$1,456,666"
Zhaire Smith,Zhaire Smith,Philadelphia 76ers,2019,"$3,058,800"
Zhaire Smith,Zhaire Smith,Philadelphia 76ers,2020,"$3,204,600"
Zhaire Smith,Zhaire Smith,Philadelphia 76ers,2021,"$4,915,856"
Tony Snell,Tony Snell,Detroit Pistons,2019,"$11,392,857"
Tony Snell,Tony Snell,Detroit Pistons,2020,"$12,178,571"
Omari Spellman,Omari Spellman,Minnesota Timberwolves,2019,"$1,897,800"
Omari Spellman,Omari Spellman,Minnesota Timberwolves,2020,"$1,988,280"
Omari Spellman,Omari Spellman,Minnesota Timberwolves,2021,"$3,588,845"
Max Strus,Max Strus,Boston Celtics,2019,"$415,414"
Edmond Sumner,Edmond Sumner,Indiana Pacers,2019,"$2,000,000"
Edmond Sumner,Edmond Sumner,Indiana Pacers,2020,"$2,160,000"
Edmond Sumner,Edmond Sumner,Indiana Pacers,2021,"$2,320,000"
Caleb Swanigan,Caleb Swanigan,Portland Trail Blazers,2019,"$2,033,160"
Jayson Tatum,Jayson Tatum,Boston Celtics,2019,"$7,830,000"
Jayson Tatum,Jayson Tatum,Boston Celtics,2020,"$9,897,120"
Isaiah Taylor,Isaiah Taylor,Toronto Raptors,2019,"$50,000"
Jeff Teague,Jeff Teague,Atlanta Hawks,2019,"$19,000,000"
Garrett Temple,Garrett Temple,Brooklyn Nets,2019,"$4,767,000"
Garrett Temple,Garrett Temple,Brooklyn Nets,2020,"$5,005,350"
Daniel Theis,Daniel Theis,Boston Celtics,2019,"$5,000,000"
Daniel Theis,Daniel Theis,Boston Celtics,2020,"$5,000,000"
Isaiah Thomas,Isaiah Thomas,Los Angeles Clippers,2019,"$2,320,044"
Khyri Thomas,Khyri Thomas,Detroit Pistons,2019,"$838,464"
Khyri Thomas,Khyri Thomas,Detroit Pistons,2020,"$1,663,861"
Matt Thomas,Matt Thomas,Toronto Raptors,2019,"$898,310"
Matt Thomas,Matt Thomas,Toronto Raptors,2020,"$1,517,981"
Matt Thomas,Matt Thomas,Toronto Raptors,2021,"$1,782,621"
Hollis Thompson,Hollis Thompson,Sacramento Kings,2019,"$50,000"
Klay Thompson,Klay Thompson,Golden State Warriors,2019,"$32,742,000"
Klay Thompson,Klay Thompson,Golden State Warriors,2020,"$35,361,360"
Klay Thompson,Klay Thompson,Golden State Warriors,2021,"$37,980,720"
Klay Thompson,Klay Thompson,Golden State Warriors,2022,"$40,600,080"
Klay Thompson,Klay Thompson,Golden State Warriors,2023,"$43,219,440"
Tristan Thompson,Tristan Thompson,Cleveland Cavaliers,2019,"$18,539,130"
Matisse Thybulle,Matisse Thybulle,Philadelphia 76ers,2019,"$2,582,160"
Matisse Thybulle,Matisse Thybulle,Philadelphia 76ers,2020,"$2,711,280"
Matisse Thybulle,Matisse Thybulle,Philadelphia 76ers,2021,"$2,840,160"
Matisse Thybulle,Matisse Thybulle,Philadelphia 76ers,2022,"$4,379,527"
Anthony Tolliver,Anthony Tolliver,Memphis Grizzlies,2019,"$144,901"
Juan Toscano-Anderson,Juan Toscano-Anderson,Golden State Warriors,2019,"$350,189"
Juan Toscano-Anderson,Juan Toscano-Anderson,Golden State Warriors,2020,"$1,517,981"
Juan Toscano-Anderson,Juan Toscano-Anderson,Golden State Warriors,2021,"$1,782,621"
Karl-Anthony Towns,Karl-Anthony Towns,Minnesota Timberwolves,2019,"$27,250,000"
Karl-Anthony Towns,Karl-Anthony Towns,Minnesota Timberwolves,2020,"$29,430,000"
Karl-Anthony Towns,Karl-Anthony Towns,Minnesota Timberwolves,2021,"$31,610,000"
Karl-Anthony Towns,Karl-Anthony Towns,Minnesota Timberwolves,2022,"$33,790,000"
Karl-Anthony Towns,Karl-Anthony Towns,Minnesota Timberwolves,2023,"$35,970,000"
Gary Trent Jr.,Gary Trent Jr.,Portland Trail Blazers,2019,"$1,416,852"
Gary Trent Jr.,Gary Trent Jr.,Portland Trail Blazers,2020,"$1,663,861"
Allonzo Trier,Allonzo Trier,New York Knicks,2019,"$3,551,100"
P.J. Tucker,P.J. Tucker,Houston Rockets,2019,"$8,349,039"
P.J. Tucker,P.J. Tucker,Houston Rockets,2020,"$7,969,537"
Rayjon Tucker,Rayjon Tucker,Utah Jazz,2019,"$578,573"
Rayjon Tucker,Rayjon Tucker,Utah Jazz,2020,"$1,517,981"
Evan Turner,Evan Turner,Minnesota Timberwolves,2019,"$18,606,557"
Myles Turner,Myles Turner,Indiana Pacers,2019,"$18,000,000"
Myles Turner,Myles Turner,Indiana Pacers,2020,"$18,000,000"
Myles Turner,Myles Turner,Indiana Pacers,2021,"$18,000,000"
Myles Turner,Myles Turner,Indiana Pacers,2022,"$18,000,000"
Tyler Ulis,Tyler Ulis,Sacramento Kings,2019,"$50,000"
Jarrod Uthoff,Jarrod Uthoff,Memphis Grizzlies,2019,"$81,678"
Jonas Valančiūnas,Jonas Valančiūnas,Memphis Grizzlies,2019,"$16,000,000"
Jonas Valančiūnas,Jonas Valančiūnas,Memphis Grizzlies,2020,"$15,000,000"
Jonas Valančiūnas,Jonas Valančiūnas,Memphis Grizzlies,2021,"$14,000,000"
Denzel Valentine,Denzel Valentine,Chicago Bulls,2019,"$3,377,569"
Fred VanVleet,Fred VanVleet,Toronto Raptors,2019,"$9,000,000"
Jarred Vanderbilt,Jarred Vanderbilt,Minnesota Timberwolves,2019,"$1,416,852"
Jarred Vanderbilt,Jarred Vanderbilt,Minnesota Timberwolves,2020,"$1,663,861"
Noah Vonleh,Noah Vonleh,Denver Nuggets,2019,"$2,000,000"
Nikola Vučević,Nikola Vučević,Orlando Magic,2019,"$28,000,000"
Nikola Vučević,Nikola Vučević,Orlando Magic,2020,"$26,000,000"
Nikola Vučević,Nikola Vučević,Orlando Magic,2021,"$24,000,000"
Nikola Vučević,Nikola Vučević,Orlando Magic,2022,"$22,000,000"
Moritz Wagner,Moritz Wagner,Washington Wizards,2019,"$2,063,520"
Moritz Wagner,Moritz Wagner,Washington Wizards,2020,"$2,161,920"
Moritz Wagner,Moritz Wagner,Washington Wizards,2021,"$3,893,618"
Dion Waiters,Dion Waiters,Los Angeles Lakers,2019,"$503,656"
Kemba Walker,Kemba Walker,Boston Celtics,2019,"$32,742,000"
Kemba Walker,Kemba Walker,Boston Celtics,2020,"$34,379,100"
Kemba Walker,Kemba Walker,Boston Celtics,2021,"$36,016,200"
Kemba Walker,Kemba Walker,Boston Celtics,2022,"$37,653,300"
Lonnie Walker,Lonnie Walker,San Antonio Spurs,2019,"$2,760,480"
Lonnie Walker,Lonnie Walker,San Antonio Spurs,2020,"$2,892,000"
Lonnie Walker,Lonnie Walker,San Antonio Spurs,2021,"$4,447,896"
John Wall,John Wall,Washington Wizards,2019,"$37,800,000"
John Wall,John Wall,Washington Wizards,2020,"$40,824,000"
John Wall,John Wall,Washington Wizards,2021,"$43,848,000"
John Wall,John Wall,Washington Wizards,2022,"$46,872,000"
Taurean Prince,Taurean Prince,Brooklyn Nets,2019,"$3,481,986"
Taurean Prince,Taurean Prince,Brooklyn Nets,2020,"$13,942,308"
Taurean Prince,Taurean Prince,Brooklyn Nets,2021,"$15,057,692"
Derrick Walton,Derrick Walton,Atlanta Hawks,2019,"$1,445,697"
Brad Wanamaker,Brad Wanamaker,Boston Celtics,2019,"$1,445,697"
T.J. Warren,T.J. Warren,Indiana Pacers,2019,"$10,810,000"
T.J. Warren,T.J. Warren,Indiana Pacers,2020,"$11,750,000"
T.J. Warren,T.J. Warren,Indiana Pacers,2021,"$12,690,000"
P.J. Washington,P.J. Washington,Charlotte Hornets,2019,"$3,831,840"
P.J. Washington,P.J. Washington,Charlotte Hornets,2020,"$4,023,600"
P.J. Washington,P.J. Washington,Charlotte Hornets,2021,"$4,215,120"
P.J. Washington,P.J. Washington,Charlotte Hornets,2022,"$5,808,435"
Paul Watson,Paul Watson,Atlanta Hawks,2019,"$50,752"
Russell Westbrook,Russell Westbrook,Houston Rockets,2019,"$38,178,000"
Russell Westbrook,Russell Westbrook,Houston Rockets,2020,"$41,006,000"
Russell Westbrook,Russell Westbrook,Houston Rockets,2021,"$43,848,000"
Russell Westbrook,Russell Westbrook,Houston Rockets,2022,"$46,662,000"
Coby White,Coby White,Chicago Bulls,2019,"$5,307,120"
Coby White,Coby White,Chicago Bulls,2020,"$5,572,680"
Coby White,Coby White,Chicago Bulls,2021,"$5,837,760"
Coby White,Coby White,Chicago Bulls,2022,"$7,413,955"
Derrick White,Derrick White,San Antonio Spurs,2019,"$1,948,080"
Derrick White,Derrick White,San Antonio Spurs,2020,"$3,516,284"
Hassan Whiteside,Hassan Whiteside,Portland Trail Blazers,2019,"$27,093,018"
Andrew Wiggins,Andrew Wiggins,Golden State Warriors,2019,"$27,504,630"
Andrew Wiggins,Andrew Wiggins,Golden State Warriors,2020,"$29,542,010"
Andrew Wiggins,Andrew Wiggins,Golden State Warriors,2021,"$31,579,390"
Andrew Wiggins,Andrew Wiggins,Golden State Warriors,2022,"$33,616,770"
Grant Williams,Grant Williams,Boston Celtics,2019,"$2,379,840"
Grant Williams,Grant Williams,Boston Celtics,2020,"$2,498,760"
Grant Williams,Grant Williams,Boston Celtics,2021,"$2,617,800"
Grant Williams,Grant Williams,Boston Celtics,2022,"$4,306,281"
Johnathan Williams,Johnathan Williams,Washington Wizards,2019,"$106,181"
Kenrich Williams,Kenrich Williams,New Orleans Pelicans,2019,"$1,416,852"
Lou Williams,Lou Williams,Los Angeles Clippers,2019,"$8,000,000"
Lou Williams,Lou Williams,Los Angeles Clippers,2020,"$8,000,000"
Marvin Williams,Marvin Williams,Charlotte Hornets,2019,"$15,006,250"
Robert Williams,Robert Williams,Boston Celtics,2019,"$1,937,520"
Robert Williams,Robert Williams,Boston Celtics,2020,"$2,029,920"
Robert Williams,Robert Williams,Boston Celtics,2021,"$3,661,976"
Troy Williams,Troy Williams,Houston Rockets,2019,"$122,741"
Troy Williams,Troy Williams,Houston Rockets,2020,"$122,741"
Troy Williams,Troy Williams,Houston Rockets,2021,"$122,741"
Troy Williams,Troy Williams,Houston Rockets,2022,"$122,741"
Nigel Williams-Goss,Nigel Williams-Goss,Utah Jazz,2019,"$1,500,000"
Nigel Williams-Goss,Nigel Williams-Goss,Utah Jazz,2020,"$1,517,981"
Nigel Williams-Goss,Nigel Williams-Goss,Utah Jazz,2021,"$1,782,621"
Zion Williamson,Zion Williamson,New Orleans Pelicans,2019,"$9,757,440"
Zion Williamson,Zion Williamson,New Orleans Pelicans,2020,"$10,245,480"
Zion Williamson,Zion Williamson,New Orleans Pelicans,2021,"$10,733,400"
Zion Williamson,Zion Williamson,New Orleans Pelicans,2022,"$13,534,817"
D.J. Wilson,D.J. Wilson,Milwaukee Bucks,2019,"$2,961,120"
D.J. Wilson,D.J. Wilson,Milwaukee Bucks,2020,"$4,548,280"
Justise Winslow,Justise Winslow,Memphis Grizzlies,2019,"$13,000,000"
Justise Winslow,Justise Winslow,Memphis Grizzlies,2020,"$13,000,000"
Justise Winslow,Justise Winslow,Memphis Grizzlies,2021,"$13,000,000"
Christian Wood,Christian Wood,Detroit Pistons,2019,"$1,645,357"
Delon Wright,Delon Wright,Dallas Mavericks,2019,"$9,473,684"
Delon Wright,Delon Wright,Dallas Mavericks,2020,"$9,000,000"
Delon Wright,Delon Wright,Dallas Mavericks,2021,"$8,526,316"
Guerschon Yabusele,Guerschon Yabusele,Boston Celtics,2019,"$3,117,240"
Thaddeus Young,Thaddeus Young,Chicago Bulls,2019,"$12,900,000"
Thaddeus Young,Thaddeus Young,Chicago Bulls,2020,"$13,545,000"
Thaddeus Young,Thaddeus Young,Chicago Bulls,2021,"$14,190,000"
Trae Young,Trae Young,Atlanta Hawks,2019,"$6,273,000"
Trae Young,Trae Young,Atlanta Hawks,2020,"$6,571,800"
Trae Young,Trae Young,Atlanta Hawks,2021,"$8,326,471"
Cody Zeller,Cody Zeller,Charlotte Hornets,2019,"$14,471,910"
Cody Zeller,Cody Zeller,Charlotte Hornets,2020,"$15,415,730"
Ante Žižić,Ante Žižić,Cleveland Cavaliers,2019,"$2,281,800"
Ivica Zubac,Ivica Zubac,Los Angeles Clippers,2019,"$6,481,482"
Ivica Zubac,Ivica Zubac,Los Angeles Clippers,2020,"$7,000,000"
Ivica Zubac,Ivica Zubac,Los Angeles Clippers,2021,"$7,518,518"
Ivica Zubac,Ivica Zubac,Los Angeles Clippers,2022,"$7,518,518"
